name,price,discount,rating,rating_review_count,description,image_url
"MOTOROLA g06 power (Pantone tapestry, 64 GB)","₹7,999",20% off,4.3,"7,236 Ratings & 439 Reviews","4 GB RAM | 64 GB ROM | Expandable Upto 1 TB
17.48 cm (6.88 inch) HD+ Display
50MP Rear Camera | 8MP Front Camera
7000 mAh Battery
Helio G81 Processor
1 Year Warranty on Handset and 6 Months Warranty on Accessories",https://rukminim2.flixcart.com/image/312/312/xif0q/mobile/u/b/9/-original-imahgctgvmt6kjyn.jpeg?q=70
"MOTOROLA g06 power (Pantone Tendril, 64 GB)","₹7,999",20% off,4.3,"7,236 Ratings & 439 Reviews","4 GB RAM | 64 GB ROM | Expandable Upto 1 TB
17.48 cm (6.88 inch) HD+ Display
50MP Rear Camera | 8MP Front Camera
7000 mAh Battery
Helio G81 Processor
1 Year Warranty on Handset and 6 Months Warranty on Accessories",https://rukminim2.flixcart.com/image/312/312/xif0q/mobile/r/k/4/-original-imahgctgwut6fewm.jpeg?q=70
"MOTOROLA g06 power (Pantone Laurel Oak, 64 GB)","₹7,999",20% off,4.3,"7,236 Ratings & 439 Reviews","4 GB RAM | 64 GB ROM | Expandable Upto 1 TB
17.48 cm (6.88 inch) HD+ Display
50MP Rear Camera | 8MP Front Camera
7000 mAh Battery
Helio G81 Processor
1 Year Warranty on Handset and 6 Months Warranty on Accessories",https://rukminim2.flixcart.com/image/312/312/xif0q/mobile/9/c/g/-original-imahgctgvra6qqwq.jpeg?q=70
"Samsung Galaxy F06 5G (Bahama Blue, 64 GB)","₹9,499",24% off,4.2,"40,905 Ratings & 2,428 Reviews","4 GB RAM | 64 GB ROM | Expandable Upto 1500 GB
17.02 cm (6.7 inch) HD+ Display
50MP + 2MP | 8MP Front Camera
5000 mAh Battery
Dimensity 6300 Processor
1 Year Manufacturer Warranty for Device and 6 Months for In-Box Accessories",https://rukminim2.flixcart.com/image/312/312/xif0q/mobile/v/o/d/-original-imahfvrmfkwybeyc.jpeg?q=70
"POCO C71 (Power Black, 64 GB)","₹7,799",13% off,3.9,"58,448 Ratings & 2,575 Reviews","4 GB RAM | 64 GB ROM | Expandable Upto 2 TB
17.48 cm (6.88 inch) HD+ Display
32MP Rear Camera | 8MP Front Camera
5200 mAh Battery
Unisoc T7250 Max clock speed: 2 x A75@1.8GHz 6 x A55@1.6GHz Processor
1 Year Manufacturer Warranty for Phone and 6 Months Warranty for In the Box Accessories",https://rukminim2.flixcart.com/image/312/312/xif0q/mobile/7/z/w/-original-imahawgahmkbjxyj.jpeg?q=70
"Ai+ Pulse (Black, 128 GB)","₹7,499",25% off,4.1,"7,256 Ratings & 418 Reviews","6 GB RAM | 128 GB ROM | Expandable Upto 1 TB
17.13 cm (6.745 inch) HD+ Display
50MP Rear Camera | 5MP Front Camera
5000 mAh Battery
T615 Processor
1 Year Warranty on Handset and 6 Months Warranty on the Inbox Accessories",https://rukminim2.flixcart.com/image/312/312/xif0q/mobile/a/h/z/-original-imahea37ayddymdw.jpeg?q=70
"POCO C75 5G (Aqua Bliss, 128 GB)","₹9,499",17% off,4.2,"1,55,188 Ratings & 6,761 Reviews","4 GB RAM | 128 GB ROM | Expandable Upto 1 TB
17.48 cm (6.88 inch) HD+ Display
50MP Rear Camera | 5MP Front Camera
5160 mAh Battery
4s Gen 2 5G Processor
1 Year Manufacturer Warranty for Phone and 6 Months Warranty for In the Box Accessories",https://rukminim2.flixcart.com/image/312/312/xif0q/mobile/o/2/g/-original-imahbr2cz5apcwze.jpeg?q=70
"Ai+ Pulse (Sparkle Red, 64 GB)","₹6,999",12% off,4.3,"45,040 Ratings & 2,679 Reviews","4 GB RAM | 64 GB ROM | Expandable Upto 1 TB
17.13 cm (6.745 inch) HD+ Display
50MP Rear Camera | 5MP Front Camera
5000 mAh Battery
T615 Processor
1 Year Warranty on Handset and 6 Months Warranty on the Inbox Accessories",https://rukminim2.flixcart.com/image/312/312/xif0q/mobile/m/w/t/-original-imahhc4czn6fswwz.jpeg?q=70
"Samsung Galaxy F07 (Green, 64 GB)","₹7,499",25% off,4.3,"4,164 Ratings & 209 Reviews","4 GB RAM | 64 GB ROM | Expandable Upto 2 TB
17.02 cm (6.7 inch) HD+ Display
50MP + 2MP | 8MP Front Camera
5000 mAh Battery
Helio G99 Processor
1 Year Manufacturer Warranty for Device and 6 Months for In-Box Accessories",https://rukminim2.flixcart.com/image/312/312/xif0q/mobile/v/m/4/-original-imahgacf8wvads6f.jpeg?q=70
"POCO C71 (Power Black, 128 GB)","₹8,799",12% off,4.1,"34,168 Ratings & 1,589 Reviews","6 GB RAM | 128 GB ROM | Expandable Upto 2 TB
17.48 cm (6.88 inch) HD+ Display
32MP Rear Camera | 8MP Front Camera
5200 mAh Battery
Unisoc T7250 Max clock speed: 2 x A75@1.8GHz 6 x A55@1.6GHz Processor
1 Year Manufacturer Warranty for Phone and 6 Months Warranty for In the Box Accessories",https://rukminim2.flixcart.com/image/312/312/xif0q/mobile/7/z/w/-original-imahawgahmkbjxyj.jpeg?q=70
"Samsung Galaxy F06 5G (Lit Violet, 128 GB)","₹11,499",25% off,4.2,"21,471 Ratings & 1,366 Reviews","6 GB RAM | 128 GB ROM | Expandable Upto 1500 GB
17.02 cm (6.7 inch) HD+ Display
50MP + 2MP | 8MP Front Camera
5000 mAh Battery
Dimensity 6300 Processor
1 Year Manufacturer Warranty for Device and 6 Months for In-Box Accessories",https://rukminim2.flixcart.com/image/312/312/xif0q/mobile/i/q/r/-original-imahfvrmzd46wgw5.jpeg?q=70
"POCO C71 (Cool Blue, 128 GB)","₹8,799",12% off,4.1,"34,168 Ratings & 1,589 Reviews","6 GB RAM | 128 GB ROM | Expandable Upto 2 TB
17.48 cm (6.88 inch) HD+ Display
32MP Rear Camera | 8MP Front Camera
5200 mAh Battery
Unisoc T7250 Max clock speed: 2 x A75@1.8GHz 6 x A55@1.6GHz Processor
1 Year Manufacturer Warranty for Phone and 6 Months Warranty for In the Box Accessories",https://rukminim2.flixcart.com/image/312/312/xif0q/mobile/r/5/z/-original-imahawgarmg5f8ff.jpeg?q=70
"POCO C75 5G (Enchanted Green, 64 GB)","₹8,499",22% off,4.2,"1,55,188 Ratings & 6,761 Reviews","4 GB RAM | 64 GB ROM | Expandable Upto 1 TB
17.48 cm (6.88 inch) HD+ Display
50MP Rear Camera | 5MP Front Camera
5160 mAh Battery
4s Gen 2 5G Processor
1 Year Manufacturer Warranty for Phone and 6 Months Warranty for In the Box Accessories",https://rukminim2.flixcart.com/image/312/312/xif0q/mobile/y/v/f/-original-imahbr2cmpwexghw.jpeg?q=70
"POCO M7 5G (Mint Green, 128 GB)","₹10,799",16% off,4.1,"75,808 Ratings & 3,507 Reviews","6 GB RAM | 128 GB ROM | Expandable Upto 1 TB
17.48 cm (6.88 inch) HD+ Display
50MP Rear Camera | 8MP Front Camera
5160 mAh Battery
4 Gen 2 5G Processor
1 Year Manufacturer Warranty for Phone and 6 Months Warranty for In the Box Accessories",https://rukminim2.flixcart.com/image/312/312/xif0q/mobile/r/w/0/-original-imah9wydggh9mtxt.jpeg?q=70
"Ai+ Nova 5G (Pink, 128 GB)","₹8,999",18% off,4.2,"25,944 Ratings & 1,625 Reviews","6 GB RAM | 128 GB ROM | Expandable Upto 1 TB
17.13 cm (6.745 inch) HD+ Display
50MP Rear Camera | 5MP Front Camera
5000 mAh Battery
T8200 Processor
1 Year Warranty on Handset and 6 Months Warranty on the Inbox Accessories",https://rukminim2.flixcart.com/image/312/312/xif0q/mobile/t/r/p/-original-imahdsbnk9ya4e3z.jpeg?q=70
"MOTOROLA g57 power 5G (Pantone Regatta, 128 GB)","₹14,999",16% off,4.4,"18,920 Ratings & 1,017 Reviews","8 GB RAM | 128 GB ROM
17.07 cm (6.72 inch) Full HD+ Display
50MP + 8MP | 8MP Front Camera
7000 mAh Battery
6s Gen 4 Processor
1 Year Warranty on Handset and 6 Months Warranty on Accessories",https://rukminim2.flixcart.com/image/312/312/xif0q/mobile/z/u/l/-original-imahhqjwyzsjyfvn.jpeg?q=70
"Samsung Galaxy F06 5G (Lit Violet, 64 GB)","₹9,499",24% off,4.2,"40,905 Ratings & 2,428 Reviews","4 GB RAM | 64 GB ROM | Expandable Upto 1500 GB
17.02 cm (6.7 inch) HD+ Display
50MP + 2MP | 8MP Front Camera
5000 mAh Battery
Dimensity 6300 Processor
1 Year Manufacturer Warranty for Device and 6 Months for In-Box Accessories",https://rukminim2.flixcart.com/image/312/312/xif0q/mobile/i/q/r/-original-imahfvrmzd46wgw5.jpeg?q=70
"vivo T4x 5G (Marine Blue, 128 GB)","₹15,499",13% off,4.5,"2,12,067 Ratings & 9,197 Reviews","6 GB RAM | 128 GB ROM
17.07 cm (6.72 inch) Display
50MP + 2MP | 8MP Front Camera
6500 mAh Battery
Dimensity 7300 5G Processor
1 Year Warranty for Device and 6 Months Warranty for Accessories",https://rukminim2.flixcart.com/image/312/312/xif0q/mobile/m/n/v/-original-imahavdveeghweea.jpeg?q=70
"Ai+ Pulse (Black, 64 GB)","₹6,999",12% off,4.3,"45,040 Ratings & 2,679 Reviews","4 GB RAM | 64 GB ROM | Expandable Upto 1 TB
17.13 cm (6.745 inch) HD+ Display
50MP Rear Camera | 5MP Front Camera
5000 mAh Battery
T615 Processor
1 Year Warranty on Handset and 6 Months Warranty on the Inbox Accessories",https://rukminim2.flixcart.com/image/312/312/xif0q/mobile/4/b/p/-original-imahgzhpc8abrthu.jpeg?q=70
"Samsung Galaxy F06 5G (Bahama Blue, 128 GB)","₹11,499",25% off,4.2,"21,471 Ratings & 1,366 Reviews","6 GB RAM | 128 GB ROM | Expandable Upto 1500 GB
17.02 cm (6.7 inch) HD+ Display
50MP + 2MP | 8MP Front Camera
5000 mAh Battery
Dimensity 6300 Processor
1 Year Manufacturer Warranty for Device and 6 Months for In-Box Accessories",https://rukminim2.flixcart.com/image/312/312/xif0q/mobile/v/o/d/-original-imahfvrmfkwybeyc.jpeg?q=70
"POCO C75 5G (Silver Stardust, 64 GB)","₹8,499",22% off,4.2,"1,55,188 Ratings & 6,761 Reviews","4 GB RAM | 64 GB ROM | Expandable Upto 1 TB
17.48 cm (6.88 inch) HD+ Display
50MP Rear Camera | 5MP Front Camera
5160 mAh Battery
4s Gen 2 5G Processor
1 Year Manufacturer Warranty for Phone and 6 Months Warranty for In the Box Accessories",https://rukminim2.flixcart.com/image/312/312/xif0q/mobile/i/b/b/-original-imahbr2czzcrgfx7.jpeg?q=70
"Nothing Phone (3a) Pro (Grey, 256 GB)","₹31,999",8% off,4.5,"13,844 Ratings & 1,038 Reviews","8 GB RAM | 256 GB ROM
43.66 cm (17.19 cm) Full HD+ Display
50MP (Main) + 50MP (3X Periscope)+ 8MP (Ultra-Wide) | 50MP Front Camera
5000 mAh Battery
7s Gen3 Processor
1 Year Manufacturing Warranty",https://rukminim2.flixcart.com/image/312/312/xif0q/mobile/3/n/p/-original-imahcfcfwzp8sydh.jpeg?q=70
"Ai+ Pulse (Blue, 64 GB)","₹6,999",12% off,4.3,"45,040 Ratings & 2,679 Reviews","4 GB RAM | 64 GB ROM | Expandable Upto 1 TB
17.13 cm (6.745 inch) HD+ Display
50MP Rear Camera | 5MP Front Camera
5000 mAh Battery
T615 Processor
1 Year Warranty on Handset and 6 Months Warranty on the Inbox Accessories",https://rukminim2.flixcart.com/image/312/312/xif0q/mobile/z/h/v/-original-imahgzhp9vgvyfkg.jpeg?q=70
"REDMI Note 14 SE 5G (Crimson Art, 128 GB)","₹13,999",30% off,4.3,"27,956 Ratings & 1,237 Reviews","6 GB RAM | 128 GB ROM
16.94 cm (6.67 inch) Full HD+ Display
50MP + 8MP + 2MP | 20MP Front Camera
5110 mAh Battery
Dimensity 7025 Ultra Processor
1 Year Warranty on the Handset and 6 Months Warranty on the Inbox Accessories",https://rukminim2.flixcart.com/image/312/312/xif0q/mobile/z/t/l/-original-imahg2z9zy2ea2py.jpeg?q=70
Samsung Guru Music 2 B310ED,₹974,42% off,3.1,"31,844 Ratings & 2,139 Reviews","32 MB RAM | 32 MB ROM | Expandable Upto 100 MB
4.57 cm (1.8 inch) VGA Display
0MP | 0MP Front Camera
800 mAh Battery
NA Processor
1 Year Warranty",https://rukminim2.flixcart.com/image/312/312/xif0q/mobile/r/2/v/guru-music-2-b310ed-guru-music-2-samsung-original-imahed8ek7n5ft56.jpeg?q=70
HOTLINE V63,₹453,54% off,3.6,"1,253 Ratings & 68 Reviews","32 MB RAM | 32 MB ROM
4.57 cm (1.8 inch) Display
1MP Rear Camera
1000 mAh Battery
3 Months Manufacturer warranty",https://rukminim2.flixcart.com/image/312/312/xif0q/mobile/d/1/w/v63-v63-hotline-original-imah6wa3ccx3bz7r.jpeg?q=70
"MOTOROLA g57 power 5G (Pantone Fluidity, 128 GB)","₹14,999",16% off,4.4,"18,920 Ratings & 1,017 Reviews","8 GB RAM | 128 GB ROM
17.07 cm (6.72 inch) Full HD+ Display
50MP + 8MP | 8MP Front Camera
7000 mAh Battery
6s Gen 4 Processor
1 Year Warranty on Handset and 6 Months Warranty on Accessories",https://rukminim2.flixcart.com/image/312/312/xif0q/mobile/1/k/r/-original-imahhqjwsngwkksu.jpeg?q=70
"Ai+ Pulse (Green, 128 GB)","₹7,499",25% off,4.1,"7,256 Ratings & 418 Reviews","6 GB RAM | 128 GB ROM | Expandable Upto 1 TB
17.13 cm (6.745 inch) HD+ Display
50MP Rear Camera | 5MP Front Camera
5000 mAh Battery
T615 Processor
1 Year Warranty on Handset and 6 Months Warranty on the Inbox Accessories",https://rukminim2.flixcart.com/image/312/312/xif0q/mobile/r/3/d/-original-imahea37xrfzhuty.jpeg?q=70
"POCO M7 5G (Satin Black, 128 GB)","₹11,799",15% off,4.3,"16,982 Ratings & 802 Reviews","8 GB RAM | 128 GB ROM | Expandable Upto 1 TB
17.48 cm (6.88 inch) HD+ Display
50MP Rear Camera | 8MP Front Camera
5160 mAh Battery
4 Gen 2 5G Processor
1 Year Manufacturer Warranty for Phone and 6 Months Warranty for In the Box Accessories",https://rukminim2.flixcart.com/image/312/312/xif0q/mobile/b/i/3/-original-imah9wydpxgkjtgw.jpeg?q=70
"realme Narzo 80 Lite 4G (Obsidian Black, 64 GB)","₹8,465",5% off,4.3,"2,236 Ratings & 87 Reviews","4 GB RAM | 64 GB ROM
17.12 cm (6.74 inch) HD+ Display
32MP Rear Camera
6300 mAh Battery
1 year brand Warranty",https://rukminim2.flixcart.com/image/312/312/xif0q/mobile/0/e/a/-original-imahgkgxnr2yypmq.jpeg?q=70
"realme P3 Lite 5G Charger in the Box (Midnight Lily, 128 GB)","₹11,999",7% off,4.4,"10,069 Ratings & 400 Reviews","4 GB RAM | 128 GB ROM | Expandable Upto 2 TB
16.94 cm (6.67 inch) Display
32MP Rear Camera | 8MP Front Camera
6000 mAh Battery
Dimensity 6300 Processor
1 Year Manufacturer Warranty for Device and 6 Months Manufacturer Warranty for Inbox Accessories",https://rukminim2.flixcart.com/image/312/312/xif0q/mobile/a/f/t/-original-imahfsgv98qsukvz.jpeg?q=70
"REDMI A4 (Starry Black, 128 GB)","₹10,390",13% off,4.3,"15,112 Ratings & 628 Reviews","4 GB RAM | 128 GB ROM
17.48 cm (6.88 inch) Display
50MP Rear Camera
5160 mAh Battery
1 Year",https://rukminim2.flixcart.com/image/312/312/xif0q/mobile/z/h/f/a4-5g-a4-5g-redmi-original-imah6yhdg9kpnzgd.jpeg?q=70
"POCO M7 Pro 5G (Lavender Frost, 128 GB)","₹13,499",28% off,4.3,"37,985 Ratings & 2,714 Reviews","6 GB RAM | 128 GB ROM
16.94 cm (6.67 inch) Full HD+ Display
50MP + 2MP | 20MP Front Camera
5110 mAh Battery
Dimensity 7025 Ultra Processor
1 Year Manufacturer Warranty for Phone and 6 Months Warranty for In the Box Accessories",https://rukminim2.flixcart.com/image/312/312/xif0q/mobile/h/g/z/-original-imah7jsp8bh3s4rv.jpeg?q=70
"vivo T4x 5G (Pronto Purple, 128 GB)","₹15,499",13% off,4.5,"2,12,067 Ratings & 9,197 Reviews","6 GB RAM | 128 GB ROM
17.07 cm (6.72 inch) Display
50MP + 2MP | 8MP Front Camera
6500 mAh Battery
Dimensity 7300 5G Processor
1 Year Warranty for Device and 6 Months Warranty for Accessories",https://rukminim2.flixcart.com/image/312/312/xif0q/mobile/j/t/v/-original-imahavdv28z4nrkn.jpeg?q=70
"MOTOROLA g57 power 5G (Pantone Corsair, 128 GB)","₹14,999",16% off,4.4,"18,920 Ratings & 1,017 Reviews","8 GB RAM | 128 GB ROM
17.07 cm (6.72 inch) Full HD+ Display
50MP + 8MP | 8MP Front Camera
7000 mAh Battery
6s Gen 4 Processor
1 Year Warranty on Handset and 6 Months Warranty on Accessories",https://rukminim2.flixcart.com/image/312/312/xif0q/mobile/b/q/k/-original-imahhqjwz6fzmubx.jpeg?q=70
"vivo T4 Lite 5G Charger in the Box (Prism Blue, 64 GB)","₹10,999",15% off,4.4,"45,710 Ratings & 1,318 Reviews","4 GB RAM | 64 GB ROM | Expandable Upto 2 TB
17.12 cm (6.74 inch) HD+ Display
50MP + 2MP | 5MP Front Camera
6000 mAh Battery
Dimensity 6300 5G Processor
1 Year Manufacturer Warranty for Device and 6 Months Manufacturer Warranty for Inbox Accessories",https://rukminim2.flixcart.com/image/312/312/xif0q/mobile/a/a/x/-original-imahfkvfhcddfzvh.jpeg?q=70
"POCO M7 5G (Satin Black, 128 GB)","₹10,799",16% off,4.1,"75,808 Ratings & 3,507 Reviews","6 GB RAM | 128 GB ROM | Expandable Upto 1 TB
17.48 cm (6.88 inch) HD+ Display
50MP Rear Camera | 8MP Front Camera
5160 mAh Battery
4 Gen 2 5G Processor
1 Year Manufacturer Warranty for Phone and 6 Months Warranty for In the Box Accessories",https://rukminim2.flixcart.com/image/312/312/xif0q/mobile/b/i/3/-original-imah9wydpxgkjtgw.jpeg?q=70
"vivo T4x 5G (Pronto Purple, 128 GB)","₹16,499",15% off,4.4,"1,60,252 Ratings & 7,471 Reviews","8 GB RAM | 128 GB ROM
17.07 cm (6.72 inch) Display
50MP + 2MP | 8MP Front Camera
6500 mAh Battery
Dimensity 7300 5G Processor
1 Year Warranty for Device and 6 Months Warranty for Accessories",https://rukminim2.flixcart.com/image/312/312/xif0q/mobile/j/t/v/-original-imahavdv28z4nrkn.jpeg?q=70
"realme Narzo 80 Lite 4G (Beach Gold, 128 GB)","₹9,496",13% off,4.3,"1,772 Ratings & 89 Reviews","6 GB RAM | 128 GB ROM
17.12 cm (6.74 inch) HD+ Display
32MP Rear Camera
6300 mAh Battery
1 year brand Warranty",https://rukminim2.flixcart.com/image/312/312/xif0q/mobile/s/p/t/-original-imahgkgxmhadh95w.jpeg?q=70
"POCO C75 5G (Aqua Bliss, 64 GB)","₹8,499",22% off,4.2,"1,55,188 Ratings & 6,761 Reviews","4 GB RAM | 64 GB ROM | Expandable Upto 1 TB
17.48 cm (6.88 inch) HD+ Display
50MP Rear Camera | 5MP Front Camera
5160 mAh Battery
4s Gen 2 5G Processor
1 Year Manufacturer Warranty for Phone and 6 Months Warranty for In the Box Accessories",https://rukminim2.flixcart.com/image/312/312/xif0q/mobile/o/2/g/-original-imahbr2cz5apcwze.jpeg?q=70
"vivo T4x 5G (Marine Blue, 256 GB)","₹18,499",11% off,4.4,"1,60,252 Ratings & 7,471 Reviews","8 GB RAM | 256 GB ROM
17.07 cm (6.72 inch) Display
50MP + 2MP | 8MP Front Camera
6500 mAh Battery
Dimensity 7300 5G Processor
1 Year Warranty for Device and 6 Months Warranty for Accessories",https://rukminim2.flixcart.com/image/312/312/xif0q/mobile/m/n/v/-original-imahavdveeghweea.jpeg?q=70
"POCO M7 Pro 5G (Lunar Dust, 128 GB)","₹13,499",28% off,4.3,"37,985 Ratings & 2,714 Reviews","6 GB RAM | 128 GB ROM
16.94 cm (6.67 inch) Full HD+ Display
50MP + 2MP | 20MP Front Camera
5110 mAh Battery
Dimensity 7025 Ultra Processor
1 Year Manufacturer Warranty for Phone and 6 Months Warranty for In the Box Accessories",https://rukminim2.flixcart.com/image/312/312/xif0q/mobile/v/m/x/-original-imah7jspd8dcxfut.jpeg?q=70
"MOTOROLA G96 5G (Pantone Dresden Blue, 256 GB)","₹19,999",13% off,4.4,"89,039 Ratings & 4,492 Reviews","8 GB RAM | 256 GB ROM
16.94 cm (6.67 inch) Full HD+ Display
50MP + 8MP | 32MP Front Camera
5500 mAh Battery
7s Gen 2 Processor
1 Year Warranty on Handset and 6 Months Warranty on Accessories",https://rukminim2.flixcart.com/image/312/312/xif0q/mobile/2/o/9/-original-imahgqnzt97efyph.jpeg?q=70
"vivo T4 Lite 5G Charger in the Box (Prism Blue, 256 GB)","₹14,999",11% off,4.3,"23,279 Ratings & 999 Reviews","8 GB RAM | 256 GB ROM | Expandable Upto 2 TB
17.12 cm (6.74 inch) HD+ Display
50MP + 2MP | 5MP Front Camera
6000 mAh Battery
Dimensity 6300 5G Processor
1 Year Manufacturer Warranty for Device and 6 Months Manufacturer Warranty for Inbox Accessories",https://rukminim2.flixcart.com/image/312/312/xif0q/mobile/l/w/0/-original-imahfkx4pbdh5pff.jpeg?q=70
"REDMI A4 (Sparkle Purple, 128 GB)","₹10,400",13% off,4.3,"15,112 Ratings & 628 Reviews","4 GB RAM | 128 GB ROM
17.48 cm (6.88 inch) Display
50MP Rear Camera
5160 mAh Battery
1 Year",https://rukminim2.flixcart.com/image/312/312/xif0q/mobile/x/c/z/a4-5g-a4-5g-redmi-original-imah6yhdqpgfw36t.jpeg?q=70
"MOTOROLA g67 power 5G (Pantone Parachute, 128 GB)","₹17,999",5% off,4.4,"8,653 Ratings & 480 Reviews","8 GB RAM | 128 GB ROM
17.02 cm (6.7 inch) Full HD+ Display
50MP + 8MP | 32MP Front Camera
7000 mAh Battery
7s Gen 2 Processor
1 Year Warranty on Handset and 6 Months Warranty on Accessories",https://rukminim2.flixcart.com/image/312/312/xif0q/mobile/y/y/y/-original-imahhjhfu7jed8kt.jpeg?q=70
"realme P3x 5G (Lunar Silver, 128 GB)","₹12,999",23% off,4.4,"74,275 Ratings & 2,851 Reviews","6 GB RAM | 128 GB ROM
17.07 cm (6.72 inch) Full HD Display
50MP Rear Camera | 8MP Front Camera
6000 mAh Battery
Dimensity 6400 Processor
1 Year Manufacturer Warranty for Device and 6 Months Manufacturer Warranty for Inbox Accessories",https://rukminim2.flixcart.com/image/312/312/xif0q/mobile/h/c/4/-original-imah9gtmjhh9eb8k.jpeg?q=70
"MOTOROLA g05 (Plum Red, 64 GB)","₹7,299",27% off,4.2,"80,271 Ratings & 4,805 Reviews","4 GB RAM | 64 GB ROM | Expandable Upto 1 TB
16.94 cm (6.67 inch) HD+ Display
50MP Rear Camera | 8MP Front Camera
5100 mAh Battery
Helio G81 Processor
1 Year Warranty on Handset and 6 Months Warranty on Accessories",https://rukminim2.flixcart.com/image/312/312/xif0q/mobile/d/j/b/-original-imah83ezvx8m7hs6.jpeg?q=70
"POCO M7 5G (Ocean Blue, 128 GB)","₹10,799",16% off,4.1,"75,808 Ratings & 3,507 Reviews","6 GB RAM | 128 GB ROM | Expandable Upto 1 TB
17.48 cm (6.88 inch) HD+ Display
50MP Rear Camera | 8MP Front Camera
5160 mAh Battery
4 Gen 2 5G Processor
1 Year Manufacturer Warranty for Phone and 6 Months Warranty for In the Box Accessories",https://rukminim2.flixcart.com/image/312/312/xif0q/mobile/o/s/t/-original-imah9wydbymh7gv2.jpeg?q=70
"realme P3 Lite 5G Charger in the Box (Lily White, 128 GB)","₹11,999",7% off,4.4,"10,069 Ratings & 400 Reviews","4 GB RAM | 128 GB ROM | Expandable Upto 2 TB
16.94 cm (6.67 inch) Display
32MP Rear Camera | 8MP Front Camera
6000 mAh Battery
Dimensity 6300 Processor
1 Year Manufacturer Warranty for Device and 6 Months Manufacturer Warranty for Inbox Accessories",https://rukminim2.flixcart.com/image/312/312/xif0q/mobile/g/o/v/-original-imahfsgvr6fvsczs.jpeg?q=70
"MOTOROLA Edge 60 Fusion 5G (PANTONE Amazonite, 256 GB)","₹22,999",11% off,4.4,"1,24,426 Ratings & 6,420 Reviews","8 GB RAM | 256 GB ROM | Expandable Upto 1 TB
16.94 cm (6.67 inch) Display
50MP + 13MP | 32MP Front Camera
5500 mAh Battery
Dimensity 7400 Processor
68W Charger
1 Year Warranty on Handset and 6 Months Warranty on Accessories",https://rukminim2.flixcart.com/image/312/312/xif0q/mobile/x/7/t/-original-imahgqnz4hjyk6fh.jpeg?q=70
"MOTOROLA Edge 60 Fusion 5G (PANTONE Mykonos Blue, 256 GB)","₹24,999",10% off,4.4,"49,088 Ratings & 2,535 Reviews","12 GB RAM | 256 GB ROM | Expandable Upto 1 TB
16.94 cm (6.67 inch) Display
50MP + 13MP | 32MP Front Camera
5500 mAh Battery
Dimensity 7400 Processor
68W Charger
1 Year Warranty on Handset and 6 Months Warranty on Accessories",https://rukminim2.flixcart.com/image/312/312/xif0q/mobile/h/l/g/-original-imahgympttnkvw7t.jpeg?q=70
"vivo T4x 5G (Glacial Teal, 128 GB)","₹15,499",13% off,4.5,"2,12,067 Ratings & 9,197 Reviews","6 GB RAM | 128 GB ROM
17.07 cm (6.72 inch) Display
50MP + 2MP | 8MP Front Camera
6500 mAh Battery
Dimensity 7300 5G Processor
1 Year Warranty for Device and 6 Months Warranty for Accessories",https://rukminim2.flixcart.com/image/312/312/xif0q/mobile/n/k/r/-original-imahfhudssrdghcz.jpeg?q=70
"MOTOROLA g35 5G (Midnight Black, 128 GB)","₹11,999",4% off,4.2,"1,26,005 Ratings & 7,651 Reviews","4 GB RAM | 128 GB ROM | Expandable Upto 1 TB
17.07 cm (6.72 inch) Full HD+ Display
50MP + 8MP | 16MP Front Camera
5000 mAh Battery
T760 Processor
12 5G Bands with VoNR|4K Video Recording|Vision Booster Technology
1 Year on Handset and 6 Months on Accessories",https://rukminim2.flixcart.com/image/312/312/xif0q/mobile/z/q/m/g35-5g-pb3h0000in-motorola-original-imah7c6ykgz5rtgv.jpeg?q=70
"Ai+ Pulse (Purple, 64 GB)","₹6,999",12% off,4.3,"45,040 Ratings & 2,679 Reviews","4 GB RAM | 64 GB ROM | Expandable Upto 1 TB
17.13 cm (6.745 inch) HD+ Display
50MP Rear Camera | 5MP Front Camera
5000 mAh Battery
T615 Processor
1 Year Warranty on Handset and 6 Months Warranty on the Inbox Accessories",https://rukminim2.flixcart.com/image/312/312/xif0q/mobile/o/4/y/-original-imahgzhpcehgd6xv.jpeg?q=70
"Ai+ Pulse (Sparkle Red, 128 GB)","₹7,499",25% off,4.1,"7,256 Ratings & 418 Reviews","6 GB RAM | 128 GB ROM | Expandable Upto 1 TB
17.13 cm (6.745 inch) HD+ Display
50MP Rear Camera | 5MP Front Camera
5000 mAh Battery
T615 Processor
1 Year Warranty on Handset and 6 Months Warranty on the Inbox Accessories",https://rukminim2.flixcart.com/image/312/312/xif0q/mobile/m/w/t/-original-imahhc4czn6fswwz.jpeg?q=70
"Nothing Phone (3a) Pro (Grey, 128 GB)","₹29,999",9% off,4.5,"13,844 Ratings & 1,038 Reviews","8 GB RAM | 128 GB ROM
43.66 cm (17.19 cm) Full HD+ Display
50MP (Main) + 50MP (3X Periscope)+ 8MP (Ultra-Wide) | 50MP Front Camera
5000 mAh Battery
7s Gen3 Processor
1 Year Manufacturing Warranty",https://rukminim2.flixcart.com/image/312/312/xif0q/mobile/3/n/p/-original-imahcfcfwzp8sydh.jpeg?q=70
"Tecno Spark Go 1 (Startrail Black, 64 GB)","₹7,299",18% off,4.3,"6,675 Ratings & 317 Reviews","4 GB RAM | 64 GB ROM | Expandable Upto 1 TB
16.94 cm (6.67 inch) Display
13MP Rear Camera | 8MP Front Camera
5000 mAh Battery
Unisoc T61 Processor
1 Year Manufacturer Warranty for Phone",https://rukminim2.flixcart.com/image/312/312/xif0q/mobile/t/6/q/-original-imah43f3nesgmgud.jpeg?q=70
"vivo T4 Lite 5G Charger in the Box (Titanium Gold, 64 GB)","₹10,999",15% off,4.4,"45,710 Ratings & 1,318 Reviews","4 GB RAM | 64 GB ROM | Expandable Upto 2 TB
17.12 cm (6.74 inch) HD+ Display
50MP + 2MP | 5MP Front Camera
6000 mAh Battery
Dimensity 6300 5G Processor
1 Year Manufacturer Warranty for Device and 6 Months Manufacturer Warranty for Inbox Accessories",https://rukminim2.flixcart.com/image/312/312/xif0q/mobile/6/9/t/-original-imahfkvfhpfaftmb.jpeg?q=70
"IQOO Z10 Lite 5G (Cyber Green, 128 GB)","₹13,161",12% off,4.3,"3,409 Ratings & 138 Reviews","6 GB RAM | 128 GB ROM
17.12 cm (6.74 inch) Display
50MP Rear Camera
6000 mAh Battery
1 Year Warranty",https://rukminim2.flixcart.com/image/312/312/xif0q/mobile/n/n/l/z10-lite-5g-i2409-iqoo-original-imahjc5ebg6mhsvt.jpeg?q=70
"realme P4x 5G (Lake Green, 256 GB)","₹19,499",7% off,4.4,"2,544 Ratings & 207 Reviews","8 GB RAM | 256 GB ROM
17.07 cm (6.72 inch) Full HD+ Display
50MP + 2MP | 8MP Front Camera
7000 mAh Battery
Dimensity 7400 Ultra Processor
1 Year Manufacturer Warranty for Phone and 6 Months Warranty for In-Box Accessories",https://rukminim2.flixcart.com/image/312/312/xif0q/mobile/k/q/a/-original-imahgdr4nr8vzghm.jpeg?q=70
"POCO C75 5G (Silver Stardust, 128 GB)","₹9,499",17% off,4.2,"1,55,188 Ratings & 6,761 Reviews","4 GB RAM | 128 GB ROM | Expandable Upto 1 TB
17.48 cm (6.88 inch) HD+ Display
50MP Rear Camera | 5MP Front Camera
5160 mAh Battery
4s Gen 2 5G Processor
1 Year Manufacturer Warranty for Phone and 6 Months Warranty for In the Box Accessories",https://rukminim2.flixcart.com/image/312/312/xif0q/mobile/i/b/b/-original-imahbr2czzcrgfx7.jpeg?q=70
"Ai+ Pulse (Purple, 128 GB)","₹7,499",25% off,4.1,"7,256 Ratings & 418 Reviews","6 GB RAM | 128 GB ROM | Expandable Upto 1 TB
17.13 cm (6.745 inch) HD+ Display
50MP Rear Camera | 5MP Front Camera
5000 mAh Battery
T615 Processor
1 Year Warranty on Handset and 6 Months Warranty on the Inbox Accessories",https://rukminim2.flixcart.com/image/312/312/xif0q/mobile/m/l/u/-original-imahdsbnduqgjgwb.jpeg?q=70
"REDMI Note 14 SE 5G (Titan Black, 128 GB)","₹13,999",30% off,4.3,"27,956 Ratings & 1,237 Reviews","6 GB RAM | 128 GB ROM
16.94 cm (6.67 inch) Full HD+ Display
50MP + 8MP + 2MP | 20MP Front Camera
5110 mAh Battery
Dimensity 7025 Ultra Processor
1 Year Warranty on the Handset and 6 Months Warranty on the Inbox Accessories",https://rukminim2.flixcart.com/image/312/312/xif0q/mobile/l/m/t/-original-imahg2z9zggggbgq.jpeg?q=70
"vivo T4 Lite 5G Charger in the Box (Prism Blue, 128 GB)","₹12,999",13% off,4.4,"61,414 Ratings & 1,884 Reviews","6 GB RAM | 128 GB ROM | Expandable Upto 2 TB
17.12 cm (6.74 inch) HD+ Display
50MP + 2MP | 5MP Front Camera
6000 mAh Battery
Dimensity 6300 5G Processor
1 Year Manufacturer Warranty for Device and 6 Months Manufacturer Warranty for Inbox Accessories",https://rukminim2.flixcart.com/image/312/312/xif0q/mobile/l/w/0/-original-imahfkx4pbdh5pff.jpeg?q=70
"realme Narzo 80 Lite 5G (Onyx Black, 128 GB)","₹12,556",16% off,4.3,"7,388 Ratings & 313 Reviews","6 GB RAM | 128 GB ROM
16.94 cm (6.67 inch) Display
32MP Rear Camera
6000 mAh Battery
1 Year Warranty",https://rukminim2.flixcart.com/image/312/312/xif0q/mobile/o/m/m/-original-imahgkgxgjggq6q8.jpeg?q=70
"POCO M6 Plus 5G (Graphite Black, 128 GB)","₹12,580",30% off,4.2,"19,102 Ratings & 1,102 Reviews","8 GB RAM | 128 GB ROM | Expandable Upto 1 TB
17.25 cm (6.79 inch) Full HD+ Display
108MP + 2MP | 13MP Front Camera
5030 mAh Battery
Snapdragon 4 Gen2 AE Processor
1 Year Manufacturer Warranty for Phone and 6 Months Warranty for In the Box Accessories",https://rukminim2.flixcart.com/image/312/312/xif0q/mobile/i/w/k/-original-imah3afnzmgfjnrf.jpeg?q=70
"POCO M7 5G (Mint Green, 128 GB)","₹11,799",15% off,4.3,"16,982 Ratings & 802 Reviews","8 GB RAM | 128 GB ROM | Expandable Upto 1 TB
17.48 cm (6.88 inch) HD+ Display
50MP Rear Camera | 8MP Front Camera
5160 mAh Battery
4 Gen 2 5G Processor
1 Year Manufacturer Warranty for Phone and 6 Months Warranty for In the Box Accessories",https://rukminim2.flixcart.com/image/312/312/xif0q/mobile/r/w/0/-original-imah9wydggh9mtxt.jpeg?q=70
LAVA A2 Smart,"₹1,204",22% off,4,630 Ratings & 38 Reviews,"4 MB RAM | 24 MB ROM | Expandable Upto 32 GB
6.1 cm (2.4 inch) HVGA Display
1.3MP + 0MP | 0MP Front Camera
1200 mAh Battery
Mtk Processor
1 year manufacturer Replacement for device and 6 months manufacturer warranty for in-box accessories including batteries from the date of purchase",https://rukminim2.flixcart.com/image/312/312/xif0q/mobile/n/c/i/a2-smart-lf6004-lava-original-imahhxyfzmcywfzz.jpeg?q=70
"POCO M7 5G (Ocean Blue, 128 GB)","₹11,799",15% off,4.3,"16,982 Ratings & 802 Reviews","8 GB RAM | 128 GB ROM | Expandable Upto 1 TB
17.48 cm (6.88 inch) HD+ Display
50MP Rear Camera | 8MP Front Camera
5160 mAh Battery
4 Gen 2 5G Processor
1 Year Manufacturer Warranty for Phone and 6 Months Warranty for In the Box Accessories",https://rukminim2.flixcart.com/image/312/312/xif0q/mobile/2/y/v/-original-imahgwaezezfptkz.jpeg?q=70
"Tecno Spark Go 1 (Magic Skin Green, 64 GB)","₹7,299",18% off,4.3,"6,675 Ratings & 317 Reviews","4 GB RAM | 64 GB ROM | Expandable Upto 1 TB
16.94 cm (6.67 inch) Display
13MP Rear Camera | 8MP Front Camera
5000 mAh Battery
Unisoc T61 Processor
1 Year Manufacturer Warranty for Phone",https://rukminim2.flixcart.com/image/312/312/xif0q/mobile/x/b/g/-original-imah43f27gxaqhhy.jpeg?q=70
"MOTOROLA g35 5G (Midnight Black, 128 GB)","₹12,999",16% off,4.2,"9,211 Ratings & 441 Reviews","8 GB RAM | 128 GB ROM | Expandable Upto 1 TB
17.07 cm (6.72 inch) Full HD+ Display
50MP + 8MP | 16MP Front Camera
5000 mAh Battery
T760 Processor
12 5G Bands with VoNR|4K Video Recording|Vision Booster Technology
1 Year on Handset and 6 Months on Accessories",https://rukminim2.flixcart.com/image/312/312/xif0q/mobile/h/4/j/-original-imahgjf92nfmtgbe.jpeg?q=70
"MOTOROLA g35 5G (Leaf Green, 128 GB)","₹11,999",4% off,4.2,"1,26,005 Ratings & 7,651 Reviews","4 GB RAM | 128 GB ROM | Expandable Upto 1 TB
17.07 cm (6.72 inch) Full HD+ Display
50MP + 8MP | 16MP Front Camera
5000 mAh Battery
T760 Processor
12 5G Bands with VoNR|4K Video Recording|Vision Booster Technology
1 Year on Handset and 6 Months on Accessories",https://rukminim2.flixcart.com/image/312/312/xif0q/mobile/o/v/c/g35-5g-pb3h0001in-motorola-original-imah7c6xqfsptyzx.jpeg?q=70
"MOTOROLA g35 5G (Guava Red, 128 GB)","₹12,999",16% off,4.2,"9,211 Ratings & 441 Reviews","8 GB RAM | 128 GB ROM | Expandable Upto 1 TB
17.07 cm (6.72 inch) Full HD+ Display
50MP + 8MP | 16MP Front Camera
5000 mAh Battery
T760 Processor
12 5G Bands with VoNR|4K Video Recording|Vision Booster Technology
1 Year on Handset and 6 Months on Accessories",https://rukminim2.flixcart.com/image/312/312/xif0q/mobile/o/8/n/-original-imahgjf9sdcnv2kb.jpeg?q=70
"CMF by Nothing Phone 2 Pro (Black, 256 GB)","₹19,999",20% off,4.4,"74,960 Ratings & 5,156 Reviews","8 GB RAM | 256 GB ROM | Expandable Upto 2 TB
17.2 cm (6.77 inch) Display
50MP + 50MP + 8MP | 16MP Front Camera
5000 mAh Battery
Dimensity 7300 Pro 5G Processor
1 Year Manufacturing Warranty",https://rukminim2.flixcart.com/image/312/312/xif0q/mobile/w/y/d/-original-imahc7ezmtmajyye.jpeg?q=70
"REDMI 15 5G (Frosted White, 256 GB)","₹17,685",11% off,4.3,"3,175 Ratings & 158 Reviews","8 GB RAM | 256 GB ROM
17.53 cm (6.9 inch) Display
50MP Rear Camera
7000 mAh Battery
1 year manufacturer warranty for device and 6 months manufacturer warranty for in-box accessories including batteries from the date of purchase",https://rukminim2.flixcart.com/image/312/312/xif0q/mobile/y/g/b/-original-imahghznbnv6yyxg.jpeg?q=70
"realme C61 (Marble Black, 64 GB)","₹7,249",19% off,4.3,"44,642 Ratings & 1,462 Reviews","4 GB RAM | 64 GB ROM | Expandable Upto 2 TB
17.13 cm (6.745 inch) HD+ Display
32MP Rear Camera | 5MP Front Camera
5000 mAh Battery
T612 Processor
1 Year Manufacturer Warranty for Device and 6 Months Manufacturer Warranty for Inbox Accessories",https://rukminim2.flixcart.com/image/312/312/xif0q/mobile/x/v/z/-original-imah28xpzzwz4fwg.jpeg?q=70
"IQOO Z10 Lite 5G (Titanium Blue, 128 GB)","₹12,296",12% off,4.2,"2,463 Ratings & 98 Reviews","4 GB RAM | 128 GB ROM
17.12 cm (6.74 inch) Display
50MP Rear Camera
6000 mAh Battery
1 Year Warranty",https://rukminim2.flixcart.com/image/312/312/xif0q/mobile/n/v/5/-original-imahgkgxgpjx8tq6.jpeg?q=70
HOTLINE H310,₹480,51% off,3.5,"7,535 Ratings & 492 Reviews","32 MB RAM | 32 MB ROM
4.57 cm (1.8 inch) Display
0.3MP Rear Camera
1000 mAh Battery
No Warranty",https://rukminim2.flixcart.com/image/312/312/xif0q/mobile/t/i/4/h310-h310-hotline-original-imah8fsttt6478eb.jpeg?q=70
"POCO C71 (Desert Gold, 64 GB)","₹7,799",13% off,3.9,"58,448 Ratings & 2,575 Reviews","4 GB RAM | 64 GB ROM | Expandable Upto 2 TB
17.48 cm (6.88 inch) HD+ Display
32MP Rear Camera | 8MP Front Camera
5200 mAh Battery
Unisoc T7250 Max clock speed: 2 x A75@1.8GHz 6 x A55@1.6GHz Processor
1 Year Manufacturer Warranty for Phone and 6 Months Warranty for In the Box Accessories",https://rukminim2.flixcart.com/image/312/312/xif0q/mobile/b/s/b/-original-imahkcwjvhzeehgy.jpeg?q=70
"Samsung Galaxy F36 5G (Black, 128 GB)","₹15,999",30% off,4.3,"9,637 Ratings & 582 Reviews","6 GB RAM | 128 GB ROM | Expandable Upto 2 TB
17.02 cm (6.7 inch) Full HD+ Display
50MP + 8MP + 2MP | 13MP Front Camera
5000 mAh Battery
Samsung Exynos 1380 Processor
1 Year Manufacturer Warranty for Device and 6 Months for In-Box Accessories",https://rukminim2.flixcart.com/image/312/312/xif0q/mobile/d/c/0/-original-imahgynnhrgyx5wz.jpeg?q=70
"REDMI A4 (Starry Black, 128 GB)","₹11,398",12% off,4.2,"2,302 Ratings & 80 Reviews","6 GB RAM | 128 GB ROM
17.48 cm (6.88 inch) Display
50MP + 50MP | 5MP Dual Front Camera
5160 mAh Battery
Snapdragon 4s Gen 2 5G Processor Processor
1 year manufacturer warranty for device and 6 months manufacturer warranty for in-box accessories including batteries from the date of purchase",https://rukminim2.flixcart.com/image/312/312/xif0q/mobile/m/j/y/a4-24116rnc1i-redmi-original-imahjt7cmgzrdrzf.jpeg?q=70
"realme P3 Lite 5G (Jade Green, 128 GB)","₹11,999",7% off,4.4,"10,069 Ratings & 400 Reviews","4 GB RAM | 128 GB ROM | Expandable Upto 2 TB
16.94 cm (6.67 inch) Display
32MP Rear Camera | 8MP Front Camera
6000 mAh Battery
Dimensity 6300 Processor
1 Year Manufacturer Warranty for Device and 6 Months Manufacturer Warranty for Inbox Accessories",https://rukminim2.flixcart.com/image/312/312/xif0q/mobile/2/u/v/-original-imahjhas8jcvacxu.jpeg?q=70
"vivo T4x 5G (Marine Blue, 128 GB)","₹16,499",15% off,4.4,"1,60,252 Ratings & 7,471 Reviews","8 GB RAM | 128 GB ROM
17.07 cm (6.72 inch) Display
50MP + 2MP | 8MP Front Camera
6500 mAh Battery
Dimensity 7300 5G Processor
1 Year Warranty for Device and 6 Months Warranty for Accessories",https://rukminim2.flixcart.com/image/312/312/xif0q/mobile/m/n/v/-original-imahavdveeghweea.jpeg?q=70
"Ai+ Nova 5G (Black, 128 GB)","₹8,999",18% off,4.2,"25,944 Ratings & 1,625 Reviews","6 GB RAM | 128 GB ROM | Expandable Upto 1 TB
17.13 cm (6.745 inch) HD+ Display
50MP Rear Camera | 5MP Front Camera
5000 mAh Battery
T8200 Processor
1 Year Warranty on Handset and 6 Months Warranty on the Inbox Accessories",https://rukminim2.flixcart.com/image/312/312/xif0q/mobile/8/x/i/-original-imahgzhp2fteyggf.jpeg?q=70
Nokia All-New 105 Single Sim Keypad Phone with Built-in UPI Payments,"₹1,259",21% off,3.7,"1,06,909 Ratings & 6,819 Reviews","32 MB RAM | 32 MB ROM
4.5 cm (1.77 inch) Display
0MP | 0MP Front Camera
1000 mAh Battery
SC6531E Processor
1YR BRAND WARRANTY ON HANDSET & 6 MONTHS WARRANTY ON ACCESSORIES",https://rukminim2.flixcart.com/image/312/312/xif0q/mobile/g/s/r/105-single-sim-keypad-mobile-phone-with-wireless-fm-radio-ta-original-imah53fqhhqyadgd.jpeg?q=70
"REDMI 14C 5G (Starlight Blue, 128 GB)","₹11,999",20% off,4.3,"10,201 Ratings & 494 Reviews","6 GB RAM | 128 GB ROM | Expandable Upto 1 TB
17.48 cm (6.88 inch) HD+ Display
50MP Rear Camera | 8MP Front Camera
5160 mAh Battery
4 Gen 2 5G Processor
1 Year Manufacturer Warranty for Phone and 6 Months Warranty for In the Box Accessories",https://rukminim2.flixcart.com/image/312/312/xif0q/mobile/m/7/z/-original-imahdxq5zsrwekqg.jpeg?q=70
"realme P4x 5G (Matte Silver, 128 GB)","₹16,499",8% off,4.4,"7,562 Ratings & 574 Reviews","6 GB RAM | 128 GB ROM
17.07 cm (6.72 inch) Full HD+ Display
50MP + 2MP | 8MP Front Camera
7000 mAh Battery
Dimensity 7400 Ultra Processor
1 Year Manufacturer Warranty for Phone and 6 Months Warranty for In-Box Accessories",https://rukminim2.flixcart.com/image/312/312/xif0q/mobile/z/9/n/-original-imahgdr4shzrvcfh.jpeg?q=70
"realme Narzo 80 Lite 5G (Onyx Black, 128 GB)","₹11,330",19% off,4.3,852 Ratings & 43 Reviews,"4 GB RAM | 128 GB ROM
16.94 cm (6.67 inch) Display
32MP Rear Camera
6000 mAh Battery
1 Year Warranty",https://rukminim2.flixcart.com/image/312/312/xif0q/mobile/m/l/w/-original-imahgkgxmmzhxgzd.jpeg?q=70
"MOTOROLA Edge 60 Pro (Pantone Shadow, 256 GB)","₹29,999",18% off,4.3,"47,300 Ratings & 3,465 Reviews","8 GB RAM | 256 GB ROM
17.02 cm (6.7 inch) Display
50MP + 50MP + 10MP | 50MP Front Camera
6000 mAh Battery
Dimensity 8350 Processor
1 Year Warranty on Handset and 6 Months Warranty on Accessories",https://rukminim2.flixcart.com/image/312/312/xif0q/mobile/u/b/t/-original-imahgqnzzc6cgggb.jpeg?q=70
"OPPO K14x 5G (Icy Blue, 128 GB)","₹16,999",15% off,4.8,645 Ratings & 198 Reviews,"6 GB RAM | 128 GB ROM
17.14 cm (6.75 inch) HD+ Display
50MP + 2MP | 5MP; f/2.2; FOV 77°; 3P lens
6500 mAh Battery
Dimensity 6300 Processor
1 Year Manufacturer Warranty for Device and 6 Months Manufacturer Warranty for Inbox Accessories",https://rukminim2.flixcart.com/image/312/312/xif0q/mobile/r/s/g/-original-imahkkpg3hbtardn.jpeg?q=70
"POCO C75 5G (Enchanted Green, 128 GB)","₹9,499",17% off,4.2,"1,55,188 Ratings & 6,761 Reviews","4 GB RAM | 128 GB ROM | Expandable Upto 1 TB
17.48 cm (6.88 inch) HD+ Display
50MP Rear Camera | 5MP Front Camera
5160 mAh Battery
4s Gen 2 5G Processor
1 Year Manufacturer Warranty for Phone and 6 Months Warranty for In the Box Accessories",https://rukminim2.flixcart.com/image/312/312/xif0q/mobile/y/v/f/-original-imahbr2cmpwexghw.jpeg?q=70
"MOTOROLA G96 5G (Pantone Ashleigh Blue, 128 GB)","₹18,999",9% off,4.4,"89,039 Ratings & 4,492 Reviews","8 GB RAM | 128 GB ROM
16.94 cm (6.67 inch) Full HD+ Display
50MP + 8MP | 32MP Front Camera
5500 mAh Battery
7s Gen 2 Processor
1 Year Warranty on Handset and 6 Months Warranty on Accessories",https://rukminim2.flixcart.com/image/312/312/xif0q/mobile/p/6/r/-original-imahgqnzbwhbqywa.jpeg?q=70
"Nokia 105 Classic Single Sim Keypad Phone, Without Charger",₹994,20% off,3.9,"8,587 Ratings & 336 Reviews","32 MB RAM | 32 MB ROM
4.5 cm (1.77 inch) Display
0MP Front Camera
800 mAh Battery
SC6531E Processor
1 Month Company Domestic Warranty by Company Authorized Service Center.",https://rukminim2.flixcart.com/image/312/312/xif0q/mobile/p/o/i/105-single-sim-keypad-mobile-phone-with-wireless-fm-radio-nokia-original-imah2xgc9z6cwcqv.jpeg?q=70
"MOTOROLA G96 5G (Pantone Greener Pastures, 256 GB)","₹19,999",13% off,4.4,"89,039 Ratings & 4,492 Reviews","8 GB RAM | 256 GB ROM
16.94 cm (6.67 inch) Full HD+ Display
50MP + 8MP | 32MP Front Camera
5500 mAh Battery
7s Gen 2 Processor
1 Year Warranty on Handset and 6 Months Warranty on Accessories",https://rukminim2.flixcart.com/image/312/312/xif0q/mobile/r/q/d/-original-imahgqnzf8kcnddy.jpeg?q=70
leysky hotline A26 Mini Magic Voice Phone,₹777,40% off,3.6,15 Ratings & 1 Reviews,"16 MB RAM | 16 MB ROM | Expandable Upto 16 GB
1.68 cm (0.66 inch) NA Display
800 mAh Battery
Mediatek Processor
3 months warranty",https://rukminim2.flixcart.com/image/312/312/xif0q/mobile/z/g/0/hotline-a26-mini-magic-voice-phone-a26-pro-leysky-original-imahjkkrxtmz4ftj.jpeg?q=70
LAVA A3 Torch,"₹1,258",23% off,4.2,702 Ratings & 44 Reviews,"4 MB RAM | 32 MB ROM | Expandable Upto 32 GB
4.57 cm (1.8 inch) HVGA Display
0.3MP + 0MP | 0MP Front Camera
1750 mAh Battery
Mtk Processor
1 Year Handset Domestic warranty",https://rukminim2.flixcart.com/image/312/312/xif0q/shopsy-mobile/t/v/q/a3-torch-32-lf3003-lava-24-original-imahhhtpcaztybxt.jpeg?q=70
"Ai+ Pulse (Pink, 64 GB)","₹6,999",12% off,4.3,"45,040 Ratings & 2,679 Reviews","4 GB RAM | 64 GB ROM | Expandable Upto 1 TB
17.13 cm (6.745 inch) HD+ Display
50MP Rear Camera | 5MP Front Camera
5000 mAh Battery
T615 Processor
1 Year Warranty on Handset and 6 Months Warranty on the Inbox Accessories",https://rukminim2.flixcart.com/image/312/312/xif0q/mobile/8/y/5/-original-imahgzhpxcp8527s.jpeg?q=70
"Samsung Galaxy A35 5G (Awesome Navy, 128 GB)","₹19,999",41% off,4.4,"74,026 Ratings & 4,410 Reviews","8 GB RAM | 128 GB ROM | Expandable Upto 1 TB
16.76 cm (6.6 inch) Full HD+ Display
50MP + 8MP + 5MP | 13MP Front Camera
5000 mAh Battery
Samsung Exynos 1380 Processor
1 Year Manufacturer Warranty for Device and 6 Months for In-Box Accessories",https://rukminim2.flixcart.com/image/312/312/xif0q/mobile/g/p/d/-original-imahgy262xxdhacq.jpeg?q=70
"REDMI Note 14 SE 5G (Mystique White, 128 GB)","₹13,999",30% off,4.3,"27,956 Ratings & 1,237 Reviews","6 GB RAM | 128 GB ROM
16.94 cm (6.67 inch) Full HD+ Display
50MP + 8MP + 2MP | 20MP Front Camera
5110 mAh Battery
Dimensity 7025 Ultra Processor
1 Year Warranty on the Handset and 6 Months Warranty on the Inbox Accessories",https://rukminim2.flixcart.com/image/312/312/xif0q/mobile/x/j/s/-original-imahg2z9zcwf6yyy.jpeg?q=70
"realme Narzo 80 Lite 5G (Crystal Purple, 128 GB)","₹11,342",18% off,4.3,852 Ratings & 43 Reviews,"4 GB RAM | 128 GB ROM
16.94 cm (6.67 inch) Display
32MP Rear Camera
6000 mAh Battery
1 Year Warranty",https://rukminim2.flixcart.com/image/312/312/xif0q/mobile/x/z/x/-original-imahgkgx3y8b4e6j.jpeg?q=70
"REDMI A4 (Sparkle Purple, 128 GB)","₹11,695",10% off,4.2,"2,302 Ratings & 80 Reviews","6 GB RAM | 128 GB ROM
17.48 cm (6.88 inch) Display
50MP + 50MP | 5MP Dual Front Camera
5160 mAh Battery
Snapdragon 4s Gen 2 5G Processor Processor
1 year manufacturer warranty for device and 6 months manufacturer warranty for in-box accessories including batteries from the date of purchase",https://rukminim2.flixcart.com/image/312/312/xif0q/mobile/y/l/l/a4-24116rnc1i-redmi-original-imahjt7cumwpdasg.jpeg?q=70
Jio JioBharat V4 4G,₹728,57% off,3.8,"3,990 Ratings & 232 Reviews","20 MB RAM | 20 MB ROM | Expandable Upto 128 GB
4.5 cm (1.77 inch) VGA Display
0.3MP + 0.3MP
1000 mAh Battery
mediatek Processor
1 Year Manufacturing warranty",https://rukminim2.flixcart.com/image/312/312/xif0q/mobile/h/j/l/bharat-v4-jbv191m2-jio-original-imahcy3tvpfphxcz.jpeg?q=70
MOTOROLA A10V DS Keypad Phone with Voice Feature|800 mAh Battery|Wireless FM Recording,₹999,33% off,4,"10,121 Ratings & 651 Reviews","4 MB RAM | 32 MB ROM | Expandable Upto 64 GB
4.57 cm (1.8 inch) Display
800 mAh Battery
2 Years Domestic Replacement Warranty",https://rukminim2.flixcart.com/image/312/312/xif0q/mobile/g/o/h/a10v-ds-keypad-phone-with-voice-feature-800-mah-battery-wireless-original-imahbwcqj5xhe28g.jpeg?q=70
"POCO C71 (Desert Gold, 128 GB)","₹8,799",12% off,4.1,"34,168 Ratings & 1,589 Reviews","6 GB RAM | 128 GB ROM | Expandable Upto 2 TB
17.48 cm (6.88 inch) HD+ Display
32MP Rear Camera | 8MP Front Camera
5200 mAh Battery
Unisoc T7250 Max clock speed: 2 x A75@1.8GHz 6 x A55@1.6GHz Processor
1 Year Manufacturer Warranty for Phone and 6 Months Warranty for In the Box Accessories",https://rukminim2.flixcart.com/image/312/312/xif0q/mobile/b/s/b/-original-imahkcwjvhzeehgy.jpeg?q=70
"Nothing Phone (3a) Pro (Grey, 256 GB)","₹33,999",8% off,4.4,"8,110 Ratings & 485 Reviews","12 GB RAM | 256 GB ROM
43.66 cm (17.19 cm) Full HD+ Display
50MP (Main) + 50MP (3X Periscope)+ 8MP (Ultra-Wide) | 50MP Front Camera
5000 mAh Battery
7s Gen3 Processor
1 Year Manufacturing Warranty",https://rukminim2.flixcart.com/image/312/312/xif0q/mobile/3/n/p/-original-imahcfcfwzp8sydh.jpeg?q=70
"CMF by Nothing Phone 2 Pro (Light Green, 128 GB)","₹17,999",21% off,4.4,"74,960 Ratings & 5,156 Reviews","8 GB RAM | 128 GB ROM | Expandable Upto 2 TB
17.2 cm (6.77 inch) Display
50MP + 50MP + 8MP | 16MP Front Camera
5000 mAh Battery
Dimensity 7300 Pro 5G Processor
1 Year Manufacturing Warranty",https://rukminim2.flixcart.com/image/312/312/xif0q/mobile/w/w/h/-original-imahc7ezhz9qxm6d.jpeg?q=70
"MOTOROLA g35 5G (Guava Red, 128 GB)","₹11,999",4% off,4.2,"1,26,005 Ratings & 7,651 Reviews","4 GB RAM | 128 GB ROM | Expandable Upto 1 TB
17.07 cm (6.72 inch) Full HD+ Display
50MP + 8MP | 16MP Front Camera
5000 mAh Battery
T760 Processor
12 5G Bands with VoNR|4K Video Recording|Vision Booster Technology
1 Year on Handset and 6 Months on Accessories",https://rukminim2.flixcart.com/image/312/312/xif0q/mobile/e/6/4/g35-5g-pb3h0002in-motorola-original-imah7c6wzezymef7.jpeg?q=70
"Samsung Galaxy S24 5G Snapdragon (Onyx Black, 128 GB)","₹41,999",44% off,4.6,"55,343 Ratings & 3,156 Reviews","8 GB RAM | 128 GB ROM
15.75 cm (6.2 inch) Full HD+ Display
50MP + 12MP | 12MP Front Camera
4000 mAh Battery
8 Gen 3 Processor
1 Year Manufacturer Warranty for Device and 6 Months for In-Box Accessories",https://rukminim2.flixcart.com/image/312/312/xif0q/mobile/r/8/1/-original-imahfz2tenzpsd3p.jpeg?q=70
LAVA A1 Josh,₹999,28% off,4.2,"22,856 Ratings & 2,135 Reviews","4 MB RAM | 2 MB ROM | Expandable Upto 32 GB
5.08 cm (2 inch) HVGA Display
0MP | 0MP Front Camera
1000 mAh Battery
Mtk Processor
1 Year Manufacturer Replacement Guarantee for Phone and 6 months Replacement for Accessories in the Box",https://rukminim2.flixcart.com/image/312/312/xif0q/mobile/k/g/p/a1-josh-lf1011-lava-original-imahhsx3ugthbzzx.jpeg?q=70
"realme P3x 5G (Stellar Pink, 128 GB)","₹12,999",23% off,4.4,"74,275 Ratings & 2,851 Reviews","6 GB RAM | 128 GB ROM
17.07 cm (6.72 inch) Full HD Display
50MP Rear Camera | 8MP Front Camera
6000 mAh Battery
Dimensity 6400 Processor
1 Year Manufacturer Warranty for Device and 6 Months Manufacturer Warranty for Inbox Accessories",https://rukminim2.flixcart.com/image/312/312/xif0q/mobile/5/v/y/-original-imah9gtmsuutundb.jpeg?q=70
"MOTOROLA Edge 60 Pro (Pantone Shadow, 512 GB)","₹37,999",11% off,4.4,"2,670 Ratings & 196 Reviews","16 GB RAM | 512 GB ROM
17.02 cm (6.7 inch) Display
50MP + 50MP + 10MP | 50MP Front Camera
6000 mAh Battery
Dimensity 8350 Processor
1 Year Warranty on Handset and 6 Months Warranty on Accessories",https://rukminim2.flixcart.com/image/312/312/xif0q/mobile/u/b/t/-original-imahgqnzzc6cgggb.jpeg?q=70
LAVA A2 Smart,"₹1,198",22% off,4,630 Ratings & 38 Reviews,"4 MB RAM | 24 MB ROM | Expandable Upto 32 GB
6.1 cm (2.4 inch) HVGA Display
1.3MP + 0MP | 0MP Front Camera
1200 mAh Battery
Mtk Processor
1 year manufacturer Replacement for device and 6 months manufacturer warranty for in-box accessories including batteries from the date of purchase",https://rukminim2.flixcart.com/image/312/312/xif0q/mobile/v/f/o/a2-smart-lf6004-lava-original-imahhsxyqjyhmqvc.jpeg?q=70
"vivo T4 5G (Phantom Grey, 256 GB)","₹24,999",10% off,4.5,"97,700 Ratings & 4,346 Reviews","8 GB RAM | 256 GB ROM
17.2 cm (6.77 inch) Display
50MP (OIS) + 2MP | 32MP Front Camera
7300 mAh Battery
Snapdragon 7s Gen 3 5G Processor
1 Year Warranty on the Handset and 6 Months Warranty on Inbox Accessories",https://rukminim2.flixcart.com/image/312/312/xif0q/mobile/k/t/x/-original-imahbgpzbumfzkbh.jpeg?q=70
"POCO M7 Plus 5G (Aqua Blue, 128 GB)","₹12,999",18% off,4.1,"1,875 Ratings & 127 Reviews","4 GB RAM | 128 GB ROM | Expandable Upto 2 TB
17.53 cm (6.9 inch) Display
50MP Rear Camera
7000 mAh Battery
Snapdragon 6s Gen 3 5G Processor
1 Year Manufacturer Warranty for Phone and 6 Months Warranty for In the Box Accessories",https://rukminim2.flixcart.com/image/312/312/xif0q/mobile/4/2/h/-original-imahf728kg9xghqz.jpeg?q=70
"Nokia 106 Single Sim Keypad Phone with Built-in UPI App, MP3 Player","₹1,149",32% off,3.8,"7,808 Ratings & 418 Reviews","32 MB RAM | 32 MB ROM
17.02 cm (6.7 inch) Display
1000 mAh Battery
SC6531E Processor
1YR BRAND WARRANTY ON HANDSET & 6 MONTHS WARRANTY ON ACCESSORIES",https://rukminim2.flixcart.com/image/312/312/xif0q/mobile/y/y/y/106-ta-1578-ss-nokia-original-imah3kfbhferbgah.jpeg?q=70
"realme P3x 5G (Midnight Blue, 128 GB)","₹13,999",22% off,4.4,"24,515 Ratings & 1,007 Reviews","8 GB RAM | 128 GB ROM
17.07 cm (6.72 inch) Full HD Display
50MP Rear Camera | 8MP Front Camera
6000 mAh Battery
Dimensity 6400 Processor
1 Year Manufacturer Warranty for Device and 6 Months Manufacturer Warranty for Inbox Accessories",https://rukminim2.flixcart.com/image/312/312/xif0q/mobile/j/n/1/-original-imah9gtmya9qhqse.jpeg?q=70
"MOTOROLA Edge 60 Fusion 5G (PANTONE Mykonos Blue, 256 GB)","₹22,999",11% off,4.4,"1,24,426 Ratings & 6,420 Reviews","8 GB RAM | 256 GB ROM | Expandable Upto 1 TB
16.94 cm (6.67 inch) Display
50MP + 13MP | 32MP Front Camera
5500 mAh Battery
Dimensity 7400 Processor
68W Charger
1 Year Warranty on Handset and 6 Months Warranty on Accessories",https://rukminim2.flixcart.com/image/312/312/xif0q/mobile/h/l/g/-original-imahgympttnkvw7t.jpeg?q=70
LAVA A3 Torch,"₹1,264",23% off,4.2,702 Ratings & 44 Reviews,"4 MB RAM | 32 MB ROM | Expandable Upto 32 GB
4.57 cm (1.8 inch) HVGA Display
0.3MP + 0MP | 0MP Front Camera
1750 mAh Battery
Mtk Processor
1 Year Handset Domestic warranty",https://rukminim2.flixcart.com/image/312/312/xif0q/mobile/u/s/f/a3-torch-lf3003-lava-original-imahh9rm8fajfz7y.jpeg?q=70
"Samsung Galaxy M07 (Black, 64 GB)","₹7,798",22% off,4.3,81 Ratings & 2 Reviews,"4 GB RAM | 64 GB ROM | Expandable Upto 2 TB
17.02 cm (6.7 inch) HD+ Display
50MP + 2MP | 8MP Front Camera
5000 mAh Battery
Helio G99 Processor
1 year manufacturer warranty for device and 6 months manufacturer warranty for in-box accessories including batteries from the date of purchase",https://rukminim2.flixcart.com/image/312/312/xif0q/mobile/o/u/z/galaxy-m07-galaxy-m07-samsung-original-imahh3hfkghyyhxd.jpeg?q=70
"realme Narzo 80 Lite 5G (Crystal Purple, 128 GB)","₹11,343",18% off,4.3,852 Ratings & 43 Reviews,"4 GB RAM | 128 GB ROM
16.94 cm (6.67 inch) Display
32MP Rear Camera
6000 mAh Battery
1 Year Warranty",https://rukminim2.flixcart.com/image/312/312/xif0q/mobile/x/z/x/-original-imahgkgx3y8b4e6j.jpeg?q=70
"POCO C75 5G (Silver Stardust, 128 GB)","₹9,499",17% off,4.2,"1,55,188 Ratings & 6,761 Reviews","4 GB RAM | 128 GB ROM | Expandable Upto 1 TB
17.48 cm (6.88 inch) HD+ Display
50MP Rear Camera | 5MP Front Camera
5160 mAh Battery
4s Gen 2 5G Processor
1 Year Manufacturer Warranty for Phone and 6 Months Warranty for In the Box Accessories",https://rukminim2.flixcart.com/image/312/312/xif0q/mobile/i/b/b/-original-imahbr2czzcrgfx7.jpeg?q=70
LAVA A1 Josh BOL,"₹1,028",26% off,4.1,"23,626 Ratings & 1,043 Reviews","4 MB RAM | 4 MB ROM | Expandable Upto 32 GB
5.08 cm (2 inch) Quarter QVGA Display
0MP | 0MP Front Camera
1000 mAh Battery
Mtk Processor
1 Year Manufacturer Replacement Guarantee for Phone and 6 months Replacement for Accessories in the Box",https://rukminim2.flixcart.com/image/312/312/xif0q/mobile/g/g/r/a1-josh-bol-lf1011-lava-original-imahhzg7g2hnwcba.jpeg?q=70
"Samsung Galaxy F06 5G (Lit Violet, 128 GB)","₹11,499",25% off,4.2,"21,471 Ratings & 1,366 Reviews","6 GB RAM | 128 GB ROM | Expandable Upto 1500 GB
17.02 cm (6.7 inch) HD+ Display
50MP + 2MP | 8MP Front Camera
5000 mAh Battery
Dimensity 6300 Processor
1 Year Manufacturer Warranty for Device and 6 Months for In-Box Accessories",https://rukminim2.flixcart.com/image/312/312/xif0q/mobile/i/q/r/-original-imahfvrmzd46wgw5.jpeg?q=70
"OnePlus Nord CE5 5G (Marble Mist, 256 GB)","₹27,694",10% off,4.5,"8,341 Ratings & 457 Reviews","8 GB RAM | 256 GB ROM
17.2 cm (6.77 inch) Display
50MP Rear Camera
7100 mAh Battery
1 Year Warranty",https://rukminim2.flixcart.com/image/312/312/xif0q/mobile/t/z/f/-original-imahgkgxm2gcukcj.jpeg?q=70
"Ai+ Pulse (Purple, 64 GB)","₹6,999",12% off,4.3,"45,040 Ratings & 2,679 Reviews","4 GB RAM | 64 GB ROM | Expandable Upto 1 TB
17.13 cm (6.745 inch) HD+ Display
50MP Rear Camera | 5MP Front Camera
5000 mAh Battery
T615 Processor
1 Year Warranty on Handset and 6 Months Warranty on the Inbox Accessories",https://rukminim2.flixcart.com/image/312/312/xif0q/mobile/o/4/y/-original-imahgzhpcehgd6xv.jpeg?q=70
Jio JioBharat V4 4G,₹728,57% off,3.8,"3,990 Ratings & 232 Reviews","20 MB RAM | 20 MB ROM | Expandable Upto 128 GB
4.5 cm (1.77 inch) VGA Display
0.3MP + 0.3MP
1000 mAh Battery
mediatek Processor
1 Year Manufacturing warranty",https://rukminim2.flixcart.com/image/312/312/xif0q/mobile/h/j/l/bharat-v4-jbv191m2-jio-original-imahcy3tvpfphxcz.jpeg?q=70
"IQOO Z10X 5G (Titanium, 128 GB)","₹15,999",8% off,4.4,"9,487 Ratings & 473 Reviews","6 GB RAM | 128 GB ROM
17.02 cm (6.7 inch) Display
50MP Rear Camera
6500 mAh Battery
1 Year Warranty on Handset and 6 Months Warranty on Accessories",https://rukminim2.flixcart.com/image/312/312/xif0q/mobile/b/b/u/-original-imahgzpkwbjdkhm3.jpeg?q=70
"realme P4 Power 5G (TransSilver, 256 GB)","₹30,999",18% off,4.5,391 Ratings & 44 Reviews,"12 GB RAM | 256 GB ROM
17.27 cm (6.8 inch) Full HD+ AMOLED Display
50MP + 8MP | Yes
10001 mAh Battery
Dimensity 7400 Ultra Processor
1 Year Manufacturer Warranty for Device and 6 Months Manufacturer Warranty for Inbox Accessories",https://rukminim2.flixcart.com/image/312/312/xif0q/mobile/r/a/c/-original-imahjzf6gw6zwskp.jpeg?q=70
"IQOO Z10X 5G (Titanium, 256 GB)","₹18,599",9% off,4.4,"5,381 Ratings & 247 Reviews","8 GB RAM | 256 GB ROM
17.02 cm (6.7 inch) Display
50MP Rear Camera
6500 mAh Battery
1 Year Warranty on Handset and 6 Months Warranty on Accessories",https://rukminim2.flixcart.com/image/312/312/xif0q/mobile/b/b/u/-original-imahgzpkwbjdkhm3.jpeg?q=70
"realme Narzo 80 Lite 5G (Onyx Black, 128 GB)","₹11,409",18% off,4.3,852 Ratings & 43 Reviews,"4 GB RAM | 128 GB ROM
16.94 cm (6.67 inch) Display
32MP Rear Camera
6000 mAh Battery
1 Year Warranty",https://rukminim2.flixcart.com/image/312/312/xif0q/mobile/m/l/w/-original-imahgkgxmmzhxgzd.jpeg?q=70
"vivo T4 5G (Phantom Grey, 128 GB)","₹22,999",11% off,4.5,"97,700 Ratings & 4,346 Reviews","8 GB RAM | 128 GB ROM
17.2 cm (6.77 inch) Display
50MP (OIS) + 2MP | 32MP Front Camera
7300 mAh Battery
Snapdragon 7s Gen 3 5G Processor
1 Year Warranty on the Handset and 6 Months Warranty on Inbox Accessories",https://rukminim2.flixcart.com/image/312/312/xif0q/mobile/k/t/x/-original-imahbgpzbumfzkbh.jpeg?q=70
Jmax Super 1,₹580,58% off,3.8,"2,423 Ratings & 165 Reviews","32 MB RAM | 32 MB ROM
4.57 cm (1.8 inch) Display
0.3MP Rear Camera
1100 mAh Battery
1 Year Domestic Warranty 7698174900",https://rukminim2.flixcart.com/image/312/312/ku2zjww0/mobile/k/a/c/super-1-super-1-jmax-original-imag7adzrppyusmh.jpeg?q=70
"POCO M7 5G (Mint Green, 128 GB)","₹11,799",15% off,4.3,"16,982 Ratings & 802 Reviews","8 GB RAM | 128 GB ROM | Expandable Upto 1 TB
17.48 cm (6.88 inch) HD+ Display
50MP Rear Camera | 8MP Front Camera
5160 mAh Battery
4 Gen 2 5G Processor
1 Year Manufacturer Warranty for Phone and 6 Months Warranty for In the Box Accessories",https://rukminim2.flixcart.com/image/312/312/xif0q/mobile/r/w/0/-original-imah9wydggh9mtxt.jpeg?q=70
"Samsung Galaxy M07 (Black, 64 GB)","₹7,798",22% off,4.3,81 Ratings & 2 Reviews,"4 GB RAM | 64 GB ROM | Expandable Upto 2 TB
17.02 cm (6.7 inch) HD+ Display
50MP + 2MP | 8MP Front Camera
5000 mAh Battery
Helio G99 Processor
1 year manufacturer warranty for device and 6 months manufacturer warranty for in-box accessories including batteries from the date of purchase",https://rukminim2.flixcart.com/image/312/312/xif0q/mobile/o/u/z/galaxy-m07-galaxy-m07-samsung-original-imahh3hfkghyyhxd.jpeg?q=70
"realme P4 Power 5G (TransSilver, 128 GB)","₹25,999",21% off,4.6,"1,758 Ratings & 157 Reviews","8 GB RAM | 128 GB ROM
17.27 cm (6.8 inch) Full HD+ AMOLED Display
50MP + 8MP | Yes
10001 mAh Battery
Dimensity 7400 Ultra Processor
1 Year Manufacturer Warranty for Device and 6 Months Manufacturer Warranty for Inbox Accessories",https://rukminim2.flixcart.com/image/312/312/xif0q/mobile/r/a/c/-original-imahjzf6gw6zwskp.jpeg?q=70
"Samsung Galaxy A06 5G (Light Gray, 64 GB)","₹10,412",16% off,4.1,"2,945 Ratings & 178 Reviews","4 GB RAM | 64 GB ROM | Expandable Upto 1 TB
17.02 cm (6.7 inch) HD+ Display
50MP + 50MP | 8MP + 2MP Dual Front Camera
5000 mAh Battery
mediatek Processor
1 Year Manufacturer Warranty for Device and 6 Months for In-Box Accessories",https://rukminim2.flixcart.com/image/312/312/xif0q/mobile/v/z/p/galaxy-a06-5g-sm-a066bzadins-samsung-original-imahgnhutfkxkrwp.jpeg?q=70
Nokia All-New 105 Single Sim Keypad Phone with Built-in UPI Payments,"₹1,259",21% off,3.7,"1,06,909 Ratings & 6,819 Reviews","32 MB RAM | 32 MB ROM
4.5 cm (1.77 inch) Display
0MP | 0MP Front Camera
1000 mAh Battery
SC6531E Processor
1YR BRAND WARRANTY ON HANDSET & 6 MONTHS WARRANTY ON ACCESSORIES",https://rukminim2.flixcart.com/image/312/312/xif0q/mobile/d/e/g/105-single-sim-keypad-mobile-phone-with-wireless-fm-radio-ta-original-imah3kw8zwfwn56h.jpeg?q=70
"POCO M6 Plus 5G (Graphite Black, 128 GB)","₹12,580",30% off,4.2,"19,102 Ratings & 1,102 Reviews","8 GB RAM | 128 GB ROM | Expandable Upto 1 TB
17.25 cm (6.79 inch) Full HD+ Display
108MP + 2MP | 13MP Front Camera
5030 mAh Battery
Snapdragon 4 Gen2 AE Processor
1 Year Manufacturer Warranty for Phone and 6 Months Warranty for In the Box Accessories",https://rukminim2.flixcart.com/image/312/312/xif0q/mobile/i/w/k/-original-imah3afnzmgfjnrf.jpeg?q=70
LAVA A1 Josh BOL,₹966,30% off,4.1,"23,626 Ratings & 1,043 Reviews","4 MB RAM | 4 MB ROM | Expandable Upto 32 GB
4.5 cm (1.77 inch) Quarter QVGA Display
1000 mAh Battery
1 Year Manufacturer Replacement Guarantee for Phone and 6 months Replacement for Accessories in the Box",https://rukminim2.flixcart.com/image/312/312/xif0q/mobile/0/2/v/-original-imahgzgn5ecqazze.jpeg?q=70
"POCO C71 (Cool Blue, 128 GB)","₹8,799",12% off,4.1,"34,168 Ratings & 1,589 Reviews","6 GB RAM | 128 GB ROM | Expandable Upto 2 TB
17.48 cm (6.88 inch) HD+ Display
32MP Rear Camera | 8MP Front Camera
5200 mAh Battery
Unisoc T7250 Max clock speed: 2 x A75@1.8GHz 6 x A55@1.6GHz Processor
1 Year Manufacturer Warranty for Phone and 6 Months Warranty for In the Box Accessories",https://rukminim2.flixcart.com/image/312/312/xif0q/mobile/r/5/z/-original-imahawgarmg5f8ff.jpeg?q=70
"vivo T4 5G (Phantom Grey, 256 GB)","₹26,999",10% off,4.5,"24,076 Ratings & 1,273 Reviews","12 GB RAM | 256 GB ROM
17.2 cm (6.77 inch) Display
50MP (OIS) + 2MP | 32MP Front Camera
7300 mAh Battery
Snapdragon 7s Gen 3 5G Processor
1 Year Warranty on the Handset and 6 Months Warranty on Inbox Accessories",https://rukminim2.flixcart.com/image/312/312/xif0q/mobile/k/t/x/-original-imahbgpzbumfzkbh.jpeg?q=70
"vivo T4 5G (Emerald Blaze, 256 GB)","₹24,999",10% off,4.5,"97,700 Ratings & 4,346 Reviews","8 GB RAM | 256 GB ROM
17.2 cm (6.77 inch) Display
50MP (OIS) + 2MP | 32MP Front Camera
7300 mAh Battery
Snapdragon 7s Gen 3 5G Processor
1 Year Warranty on the Handset and 6 Months Warranty on Inbox Accessories",https://rukminim2.flixcart.com/image/312/312/xif0q/mobile/j/f/0/-original-imahbgqyz5sqhwq9.jpeg?q=70
"vivo T4 5G (Emerald Blaze, 256 GB)","₹26,999",10% off,4.5,"24,076 Ratings & 1,273 Reviews","12 GB RAM | 256 GB ROM
17.2 cm (6.77 inch) Display
50MP (OIS) + 2MP | 32MP Front Camera
7300 mAh Battery
Snapdragon 7s Gen 3 5G Processor
1 Year Warranty on the Handset and 6 Months Warranty on Inbox Accessories",https://rukminim2.flixcart.com/image/312/312/xif0q/mobile/j/f/0/-original-imahbgqyz5sqhwq9.jpeg?q=70
"IQOO Z10R 5G (Aquamarine, 256 GB)","₹22,405",10% off,4.4,"3,935 Ratings & 225 Reviews","8 GB RAM | 256 GB ROM
17.2 cm (6.77 inch) Display
50MP Rear Camera
5700 mAh Battery
1 Year Warranty",https://rukminim2.flixcart.com/image/312/312/xif0q/mobile/x/k/r/z10r-5g-i2410-iqoo-original-imahehzhhxvc9xgw.jpeg?q=70
"OnePlus 15R 5G (Charcoal Black, 512 GB)","₹52,730",12% off,4.6,437 Ratings & 23 Reviews,"12 GB RAM | 512 GB ROM
17.35 cm (6.83 inch) Display
50MP Rear Camera
7400 mAh Battery
1 year manufacturer warranty for device and 6 months manufacturer warranty for in-box accessories including batteries from the date of purchase",https://rukminim2.flixcart.com/image/312/312/xif0q/mobile/q/q/t/-original-imahjyvxmppzhhy4.jpeg?q=70
"Ai+ Pulse (Pink, 64 GB)","₹6,999",12% off,4.3,"45,040 Ratings & 2,679 Reviews","4 GB RAM | 64 GB ROM | Expandable Upto 1 TB
17.13 cm (6.745 inch) HD+ Display
50MP Rear Camera | 5MP Front Camera
5000 mAh Battery
T615 Processor
1 Year Warranty on Handset and 6 Months Warranty on the Inbox Accessories",https://rukminim2.flixcart.com/image/312/312/xif0q/mobile/8/y/5/-original-imahgzhpxcp8527s.jpeg?q=70
"OnePlus Nord CE5 5G (Black Infinity, 128 GB)","₹25,352",12% off,4.5,"8,341 Ratings & 457 Reviews","8 GB RAM | 128 GB ROM
17.2 cm (6.77 inch) Display
50MP Rear Camera
7100 mAh Battery
1 Year Warranty",https://rukminim2.flixcart.com/image/312/312/xif0q/mobile/t/y/0/-original-imahgkgxk7yztxkg.jpeg?q=70
"realme P3x 5G (Lunar Silver, 128 GB)","₹12,999",23% off,4.4,"74,275 Ratings & 2,851 Reviews","6 GB RAM | 128 GB ROM
17.07 cm (6.72 inch) Full HD Display
50MP Rear Camera | 8MP Front Camera
6000 mAh Battery
Dimensity 6400 Processor
1 Year Manufacturer Warranty for Device and 6 Months Manufacturer Warranty for Inbox Accessories",https://rukminim2.flixcart.com/image/312/312/xif0q/mobile/h/c/4/-original-imah9gtmjhh9eb8k.jpeg?q=70
"realme P3x 5G (Lunar Silver, 128 GB)","₹13,999",,4.4,"24,515 Ratings & 1,007 Reviews","8 GB RAM | 128 GB ROM
17.07 cm (6.72 inch) Full HD Display
50MP Rear Camera | 8MP Front Camera
6000 mAh Battery
Dimensity 6400 Processor
1 Year Manufacturer Warranty for Device and 6 Months Manufacturer Warranty for Inbox Accessories",https://rukminim2.flixcart.com/image/312/312/xif0q/mobile/h/c/4/-original-imah9gtmjhh9eb8k.jpeg?q=70
LAVA A1 Josh,₹999,28% off,4.2,"22,856 Ratings & 2,135 Reviews","4 MB RAM | 2 MB ROM | Expandable Upto 32 GB
5.08 cm (2 inch) HVGA Display
0MP | 0MP Front Camera
1000 mAh Battery
Mtk Processor
1 Year Manufacturer Replacement Guarantee for Phone and 6 months Replacement for Accessories in the Box",https://rukminim2.flixcart.com/image/312/312/xif0q/mobile/k/g/p/a1-josh-lf1011-lava-original-imahhsx3ugthbzzx.jpeg?q=70
"OnePlus 15R 5G (Mint Breeze, 512 GB)","₹52,608",12% off,4.6,437 Ratings & 23 Reviews,"12 GB RAM | 512 GB ROM
17.35 cm (6.83 inch) Display
50MP Rear Camera
7400 mAh Battery
1 year manufacturer warranty for device and 6 months manufacturer warranty for in-box accessories including batteries from the date of purchase",https://rukminim2.flixcart.com/image/312/312/xif0q/mobile/r/r/v/-original-imahjyvx2gzzze2g.jpeg?q=70
"OnePlus 15R 5G (Charcoal Black, 256 GB)","₹47,295",14% off,4.6,437 Ratings & 23 Reviews,"12 GB RAM | 256 GB ROM
17.35 cm (6.83 inch) Display
50MP Rear Camera
7400 mAh Battery
1 year manufacturer warranty for device and 6 months manufacturer warranty for in-box accessories including batteries from the date of purchase",https://rukminim2.flixcart.com/image/312/312/xif0q/mobile/q/q/t/-original-imahjyvxmppzhhy4.jpeg?q=70
Kechaoda A26,₹889,40% off,4,"30,349 Ratings & 1,648 Reviews","32 MB RAM | 32 MB ROM | Expandable Upto 16 GB
1.68 cm (0.66 inch) QVGA Display
0MP | 0MP Front Camera
800 mAh Battery
NA Processor
3 Months Company Warranty",https://rukminim2.flixcart.com/image/312/312/xif0q/mobile/4/k/g/a26-a26-amozkart-original-imahggfjbkvfgzbz.jpeg?q=70
"OnePlus 15R 5G (Mint Breeze, 256 GB)","₹46,798",14% off,4.6,437 Ratings & 23 Reviews,"12 GB RAM | 256 GB ROM
17.35 cm (6.83 inch) Display
50MP Rear Camera
7400 mAh Battery
1 year manufacturer warranty for device and 6 months manufacturer warranty for in-box accessories including batteries from the date of purchase",https://rukminim2.flixcart.com/image/312/312/xif0q/mobile/r/r/v/-original-imahjyvx2gzzze2g.jpeg?q=70
Jmax Super 2,₹570,52% off,3.9,"2,064 Ratings & 162 Reviews","32 MB RAM | 32 MB ROM
4.57 cm (1.8 inch) Display
0.3MP Rear Camera
1100 mAh Battery
3 months Domestic Warranty",https://rukminim2.flixcart.com/image/312/312/xif0q/mobile/k/m/a/super-2-super-2-jmax-original-imah6wkauu5ykzgd.jpeg?q=70
"Samsung Galaxy A35 5G (Awesome Iceblue, 128 GB)","₹19,999",41% off,4.4,"74,026 Ratings & 4,410 Reviews","8 GB RAM | 128 GB ROM | Expandable Upto 1 TB
16.76 cm (6.6 inch) Full HD+ Display
50MP + 8MP + 5MP | 13MP Front Camera
5000 mAh Battery
Samsung Exynos 1380 Processor
1 Year Manufacturer Warranty for Device and 6 Months for In-Box Accessories",https://rukminim2.flixcart.com/image/312/312/xif0q/mobile/i/v/y/-original-imahgy25rwrgpyuv.jpeg?q=70
"realme P3x 5G (Stellar Pink, 128 GB)","₹12,999",23% off,4.4,"74,275 Ratings & 2,851 Reviews","6 GB RAM | 128 GB ROM
17.07 cm (6.72 inch) Full HD Display
50MP Rear Camera | 8MP Front Camera
6000 mAh Battery
Dimensity 6400 Processor
1 Year Manufacturer Warranty for Device and 6 Months Manufacturer Warranty for Inbox Accessories",https://rukminim2.flixcart.com/image/312/312/xif0q/mobile/5/v/y/-original-imah9gtmsuutundb.jpeg?q=70
"OnePlus 15R 5G (Electric Violet, 256 GB)","₹46,999",14% off,4.6,437 Ratings & 23 Reviews,"12 GB RAM | 256 GB ROM
17.35 cm (6.83 inch) Display
50MP Rear Camera
7400 mAh Battery
1 year manufacturer warranty for device and 6 months manufacturer warranty for in-box accessories including batteries from the date of purchase",https://rukminim2.flixcart.com/image/312/312/xif0q/mobile/i/q/p/-original-imahjyvxq8yftp24.jpeg?q=70
Kechaoda A26,₹899,40% off,4,"30,349 Ratings & 1,648 Reviews","32 MB RAM | 32 MB ROM | Expandable Upto 16 GB
1.68 cm (0.66 inch) QVGA Display
0MP | 0MP Front Camera
800 mAh Battery
NA Processor
3 Months Company Warranty",https://rukminim2.flixcart.com/image/312/312/xif0q/mobile/b/y/w/a26-a26-amozkart-original-imahggfjgcecgacs.jpeg?q=70
"POCO M7 5G (Ocean Blue, 128 GB)","₹10,799",16% off,4.1,"75,808 Ratings & 3,507 Reviews","6 GB RAM | 128 GB ROM | Expandable Upto 1 TB
17.48 cm (6.88 inch) HD+ Display
50MP Rear Camera | 8MP Front Camera
5160 mAh Battery
4 Gen 2 5G Processor
1 Year Manufacturer Warranty for Phone and 6 Months Warranty for In the Box Accessories",https://rukminim2.flixcart.com/image/312/312/xif0q/mobile/o/s/t/-original-imah9wydbymh7gv2.jpeg?q=70
"REDMI A4 (Starry Black, 64 GB)","₹10,157",7% off,4.3,"15,112 Ratings & 628 Reviews","4 GB RAM | 64 GB ROM
17.48 cm (6.88 inch) Display
50MP Rear Camera
5160 mAh Battery
1 Year",https://rukminim2.flixcart.com/image/312/312/xif0q/mobile/z/h/f/a4-5g-a4-5g-redmi-original-imah6yhdg9kpnzgd.jpeg?q=70
"OnePlus Nord CE5 5G (Nexus Blue, 128 GB)","₹25,388",12% off,4.5,"8,341 Ratings & 457 Reviews","8 GB RAM | 128 GB ROM
17.2 cm (6.77 inch) Display
50MP Rear Camera
7100 mAh Battery
1 Year Warranty",https://rukminim2.flixcart.com/image/312/312/xif0q/mobile/w/h/f/-original-imahgkgxmerzquzr.jpeg?q=70
"REDMI A4 (Sparkle Purple, 128 GB)","₹10,400",13% off,4.3,"15,112 Ratings & 628 Reviews","4 GB RAM | 128 GB ROM
17.48 cm (6.88 inch) Display
50MP Rear Camera
5160 mAh Battery
1 Year",https://rukminim2.flixcart.com/image/312/312/xif0q/mobile/x/c/z/a4-5g-a4-5g-redmi-original-imah6yhdqpgfw36t.jpeg?q=70
"realme Narzo 90x 5G (Nitro Blue, 128 GB)","₹15,285",15% off,4.3,294 Ratings & 11 Reviews,"8 GB RAM | 128 GB ROM
17.27 cm (6.8 inch) Display
50MP Rear Camera
7000 mAh Battery
12 Months Brand Warranty",https://rukminim2.flixcart.com/image/312/312/xif0q/mobile/w/y/9/narzo-90x-5g-rmx5264-realme-original-imahj5zjbz46czwy.jpeg?q=70
"IQOO Z10R 5G (Aquamarine, 128 GB)","₹20,588",12% off,4.4,"3,935 Ratings & 225 Reviews","8 GB RAM | 128 GB ROM
17.2 cm (6.77 inch) Display
50MP Rear Camera
5700 mAh Battery
1 Year Warranty",https://rukminim2.flixcart.com/image/312/312/xif0q/mobile/t/s/b/-original-imahgkgxzdx6kzvv.jpeg?q=70
"Ai+ Pulse (Pink, 128 GB)","₹7,499",25% off,4.1,"7,256 Ratings & 418 Reviews","6 GB RAM | 128 GB ROM | Expandable Upto 1 TB
17.13 cm (6.745 inch) HD+ Display
50MP Rear Camera | 5MP Front Camera
5000 mAh Battery
T615 Processor
1 Year Warranty on Handset and 6 Months Warranty on the Inbox Accessories",https://rukminim2.flixcart.com/image/312/312/xif0q/mobile/p/s/d/-original-imahdsbnypd2pmcb.jpeg?q=70
"Ai+ Pulse (Black, 64 GB)","₹6,999",12% off,4.3,"45,040 Ratings & 2,679 Reviews","4 GB RAM | 64 GB ROM | Expandable Upto 1 TB
17.13 cm (6.745 inch) HD+ Display
50MP Rear Camera | 5MP Front Camera
5000 mAh Battery
T615 Processor
1 Year Warranty on Handset and 6 Months Warranty on the Inbox Accessories",https://rukminim2.flixcart.com/image/312/312/xif0q/mobile/4/b/p/-original-imahgzhpc8abrthu.jpeg?q=70
"IQOO Z10R 5G (Moonstone, 256 GB)","₹22,799",8% off,4.4,"3,935 Ratings & 225 Reviews","8 GB RAM | 256 GB ROM
17.2 cm (6.77 inch) Display
50MP Rear Camera
5700 mAh Battery
1 Year Warranty",https://rukminim2.flixcart.com/image/312/312/xif0q/mobile/a/x/g/z10r-5g-i2410-iqoo-original-imahjt769yzfc2eg.jpeg?q=70
"vivo T4 5G (Emerald Blaze, 128 GB)","₹22,999",11% off,4.5,"97,700 Ratings & 4,346 Reviews","8 GB RAM | 128 GB ROM
17.2 cm (6.77 inch) Display
50MP (OIS) + 2MP | 32MP Front Camera
7300 mAh Battery
Snapdragon 7s Gen 3 5G Processor
1 Year Warranty on the Handset and 6 Months Warranty on Inbox Accessories",https://rukminim2.flixcart.com/image/312/312/xif0q/mobile/j/f/0/-original-imahbgqyz5sqhwq9.jpeg?q=70
"Ai+ Pulse (Sparkle Red, 128 GB)","₹7,499",25% off,4.1,"7,256 Ratings & 418 Reviews","6 GB RAM | 128 GB ROM | Expandable Upto 1 TB
17.13 cm (6.745 inch) HD+ Display
50MP Rear Camera | 5MP Front Camera
5000 mAh Battery
T615 Processor
1 Year Warranty on Handset and 6 Months Warranty on the Inbox Accessories",https://rukminim2.flixcart.com/image/312/312/xif0q/mobile/m/w/t/-original-imahhc4czn6fswwz.jpeg?q=70
"Samsung Galaxy F36 5G (Black, 128 GB)","₹17,499",28% off,4.2,"4,865 Ratings & 330 Reviews","8 GB RAM | 128 GB ROM | Expandable Upto 2 TB
17.02 cm (6.7 inch) Full HD+ Display
50MP + 8MP + 2MP | 13MP Front Camera
5000 mAh Battery
Samsung Exynos 1380 Processor
1 Year Manufacturer Warranty for Device and 6 Months for In-Box Accessories",https://rukminim2.flixcart.com/image/312/312/xif0q/mobile/1/k/g/-original-imahgynnzvyjucyf.jpeg?q=70
"MOTOROLA Edge 60 Fusion 5G (PANTONE Zephyr, 128 GB)","₹20,999",16% off,4.4,"1,24,426 Ratings & 6,420 Reviews","8 GB RAM | 128 GB ROM | Expandable Upto 1 TB
16.94 cm (6.67 inch) Display
50MP + 13MP | 32MP Front Camera
5500 mAh Battery
Dimensity 7400 Processor
68W Charger
1 Year Warranty on Handset and 6 Months Warranty on Accessories",https://rukminim2.flixcart.com/image/312/312/xif0q/mobile/4/a/e/-original-imahkcvgkwzd7u6p.jpeg?q=70
"realme Narzo 90x 5G (Nitro Blue, 128 GB)","₹14,989",11% off,4.4,"1,044 Ratings & 62 Reviews","6 GB RAM | 128 GB ROM
17.27 cm (6.8 inch) Display
50MP Rear Camera
7000 mAh Battery
12 Months Brand Warranty",https://rukminim2.flixcart.com/image/312/312/xif0q/mobile/w/y/9/narzo-90x-5g-rmx5264-realme-original-imahj5zjbz46czwy.jpeg?q=70
"REDMI A4 (Sparkle Purple, 128 GB)","₹11,695",10% off,4.2,"2,302 Ratings & 80 Reviews","6 GB RAM | 128 GB ROM
17.48 cm (6.88 inch) Display
50MP + 50MP | 5MP Dual Front Camera
5160 mAh Battery
Snapdragon 4s Gen 2 5G Processor Processor
1 year manufacturer warranty for device and 6 months manufacturer warranty for in-box accessories including batteries from the date of purchase",https://rukminim2.flixcart.com/image/312/312/xif0q/mobile/y/l/l/a4-24116rnc1i-redmi-original-imahjt7cumwpdasg.jpeg?q=70
"IQOO Z10R 5G (Moonstone, 256 GB)","₹24,697",8% off,4.3,526 Ratings & 35 Reviews,"12 GB RAM | 256 GB ROM
17.2 cm (6.77 inch) Display
50MP Rear Camera
5700 mAh Battery
1 Year Warranty",https://rukminim2.flixcart.com/image/312/312/xif0q/mobile/o/n/o/-original-imahgkgxr4fupr5v.jpeg?q=70
"IQOO Z10R 5G (Aquamarine, 256 GB)","₹24,658",8% off,4.3,526 Ratings & 35 Reviews,"12 GB RAM | 256 GB ROM
17.2 cm (6.77 inch) Display
50MP Rear Camera
5700 mAh Battery
1 Year Warranty",https://rukminim2.flixcart.com/image/312/312/xif0q/mobile/x/k/r/z10r-5g-i2410-iqoo-original-imahehzhhxvc9xgw.jpeg?q=70
"MOTOROLA Signature (PANTONE Carbon, 256 GB)","₹59,999",20% off,4.5,142 Ratings & 24 Reviews,"12 GB RAM | 256 GB ROM
17.27 cm (6.8 inch) Super HD Display
50MP + 50MP + 50MP | 50MP Front Camera
5200 mAh Battery
Snapdragon 8 Gen 5 Processor
1 Year Warranty on Handset and 6 Months Warranty on Accessories",https://rukminim2.flixcart.com/image/312/312/xif0q/mobile/c/r/q/-original-imahk769gdyuuzhj.jpeg?q=70
"OnePlus Nord 5 5G (Dry Ice, 256 GB)","₹33,699",3% off,4.5,"2,428 Ratings & 157 Reviews","8 GB RAM | 256 GB ROM
17.35 cm (6.83 inch) Display
50MP Rear Camera
6800 mAh Battery
1 Year Warranty",https://rukminim2.flixcart.com/image/312/312/xif0q/mobile/b/i/o/-original-imahgkgxdvjepups.jpeg?q=70
"Samsung Galaxy F06 5G (Bahama Blue, 64 GB)","₹9,499",24% off,4.2,"40,905 Ratings & 2,428 Reviews","4 GB RAM | 64 GB ROM | Expandable Upto 1500 GB
17.02 cm (6.7 inch) HD+ Display
50MP + 2MP | 8MP Front Camera
5000 mAh Battery
Dimensity 6300 Processor
1 Year Manufacturer Warranty for Device and 6 Months for In-Box Accessories",https://rukminim2.flixcart.com/image/312/312/xif0q/mobile/v/o/d/-original-imahfvrmfkwybeyc.jpeg?q=70
"Ai+ Pulse (Green, 64 GB)","₹6,999",12% off,4.3,"45,040 Ratings & 2,679 Reviews","4 GB RAM | 64 GB ROM | Expandable Upto 1 TB
17.13 cm (6.745 inch) HD+ Display
50MP Rear Camera | 5MP Front Camera
5000 mAh Battery
T615 Processor
1 Year Warranty on Handset and 6 Months Warranty on the Inbox Accessories",https://rukminim2.flixcart.com/image/312/312/xif0q/mobile/m/8/r/-original-imahgzhp6ymjfsv4.jpeg?q=70
"MOTOROLA Signature (PANTONE Martini Olive, 1 TB)","₹69,999",17% off,4.5,162 Ratings & 23 Reviews,"16 GB RAM | 1 TB ROM
17.27 cm (6.8 inch) Super HD Display
50MP + 50MP + 50MP | 50MP Front Camera
5200 mAh Battery
Snapdragon 8 Gen 5 Processor
1 Year Warranty on Handset and 6 Months Warranty on Accessories",https://rukminim2.flixcart.com/image/312/312/xif0q/mobile/d/0/0/-original-imahk769tzesprwf.jpeg?q=70
"POCO M7 Plus 5G (Carbon Black, 128 GB)","₹14,999",16% off,4.3,"4,103 Ratings & 237 Reviews","8 GB RAM | 128 GB ROM | Expandable Upto 2 TB
17.53 cm (6.9 inch) Display
50MP AI Dual Camera
7000 mAh Battery
Snapdragon 6s Gen 3 5G Processor
1 Year Manufacturer Warranty for Phone and 6 Months Warranty for In the Box Accessories",https://rukminim2.flixcart.com/image/312/312/xif0q/mobile/i/t/s/-original-imahf728ffwf54gs.jpeg?q=70
Jmax Prime,₹730,51% off,4,6 Ratings & 0 Reviews,"32 MB RAM | 32 MB ROM
6.1 cm (2.4 inch) NA Display
1.3MP Rear Camera
2250 mAh Battery
3 Months Domestic Warranty 7698174900",https://rukminim2.flixcart.com/image/312/312/xif0q/mobile/i/p/f/prime-prime-jmax-original-imahgvhyhtgsa7xf.jpeg?q=70
"realme Narzo 80 Lite 5G (Crystal Purple, 128 GB)","₹12,515",16% off,4.3,"7,388 Ratings & 313 Reviews","6 GB RAM | 128 GB ROM
16.94 cm (6.67 inch) Display
32MP Rear Camera
6000 mAh Battery
1 Year Warranty",https://rukminim2.flixcart.com/image/312/312/xif0q/mobile/x/z/x/-original-imahgkgx3y8b4e6j.jpeg?q=70
"REDMI A4 (Sparkle Purple, 64 GB)","₹10,007",9% off,4.3,"15,112 Ratings & 628 Reviews","4 GB RAM | 64 GB ROM
17.48 cm (6.88 inch) Display
50MP Rear Camera
5160 mAh Battery
1 Year",https://rukminim2.flixcart.com/image/312/312/xif0q/mobile/z/u/a/a4-24116rnc1i-redmi-original-imahghhcmx9gnb3f.jpeg?q=70
"MOTOROLA Edge 60 Fusion 5G (PANTONE Amazonite, 256 GB)","₹22,999",11% off,4.4,"1,24,426 Ratings & 6,420 Reviews","8 GB RAM | 256 GB ROM | Expandable Upto 1 TB
16.94 cm (6.67 inch) Display
50MP + 13MP | 32MP Front Camera
5500 mAh Battery
Dimensity 7400 Processor
68W Charger
1 Year Warranty on Handset and 6 Months Warranty on Accessories",https://rukminim2.flixcart.com/image/312/312/xif0q/mobile/x/7/t/-original-imahgqnz4hjyk6fh.jpeg?q=70
"POCO C61 - Locked with Airtel Prepaid (Diamond Dust Black, 64 GB)","₹7,499",16% off,4.2,"1,16,182 Ratings & 4,723 Reviews","4 GB RAM | 64 GB ROM | Expandable Upto 1 TB
17.04 cm (6.71 inch) HD+ Display
8MP Rear Camera | 5MP Front Camera
5000 mAh Battery
Helio G36 Processor
1 Year Manufacturer Warranty for Phone and 6 Months Warranty for In the Box Accessories",https://rukminim2.flixcart.com/image/312/312/xif0q/mobile/d/h/s/-original-imah2qyrmtgtzztg.jpeg?q=70
"realme Narzo 80 Lite 4G (Beach Gold, 128 GB)","₹9,496",13% off,4.3,"1,772 Ratings & 89 Reviews","6 GB RAM | 128 GB ROM
17.12 cm (6.74 inch) HD+ Display
32MP Rear Camera
6300 mAh Battery
1 year brand Warranty",https://rukminim2.flixcart.com/image/312/312/xif0q/mobile/s/p/t/-original-imahgkgxmhadh95w.jpeg?q=70
"Ai+ Nova 5G (Black, 128 GB)","₹8,999",18% off,4.2,"25,944 Ratings & 1,625 Reviews","6 GB RAM | 128 GB ROM | Expandable Upto 1 TB
17.13 cm (6.745 inch) HD+ Display
50MP Rear Camera | 5MP Front Camera
5000 mAh Battery
T8200 Processor
1 Year Warranty on Handset and 6 Months Warranty on the Inbox Accessories",https://rukminim2.flixcart.com/image/312/312/xif0q/mobile/8/x/i/-original-imahgzhp2fteyggf.jpeg?q=70
"Nothing Phone (3a) Pro (Black, 256 GB)","₹31,999",8% off,4.5,"13,844 Ratings & 1,038 Reviews","8 GB RAM | 256 GB ROM
43.66 cm (17.19 cm) Full HD+ Display
50MP (Main) + 50MP (3X Periscope)+ 8MP (Ultra-Wide) | 50MP Front Camera
5000 mAh Battery
7s Gen3 Processor
1 Year Manufacturing Warranty",https://rukminim2.flixcart.com/image/312/312/xif0q/mobile/u/b/h/-original-imahcfcfkenf5rks.jpeg?q=70
"Nothing Phone (3a) Pro (Grey, 256 GB)","₹31,999",8% off,4.5,"13,844 Ratings & 1,038 Reviews","8 GB RAM | 256 GB ROM
43.66 cm (17.19 cm) Full HD+ Display
50MP (Main) + 50MP (3X Periscope)+ 8MP (Ultra-Wide) | 50MP Front Camera
5000 mAh Battery
7s Gen3 Processor
1 Year Manufacturing Warranty",https://rukminim2.flixcart.com/image/312/312/xif0q/mobile/3/n/p/-original-imahcfcfwzp8sydh.jpeg?q=70
"POCO M7 5G (Satin Black, 128 GB)","₹11,799",15% off,4.3,"16,982 Ratings & 802 Reviews","8 GB RAM | 128 GB ROM | Expandable Upto 1 TB
17.48 cm (6.88 inch) HD+ Display
50MP Rear Camera | 8MP Front Camera
5160 mAh Battery
4 Gen 2 5G Processor
1 Year Manufacturer Warranty for Phone and 6 Months Warranty for In the Box Accessories",https://rukminim2.flixcart.com/image/312/312/xif0q/mobile/b/i/3/-original-imah9wydpxgkjtgw.jpeg?q=70
"IQOO Z10X 5G (Ultramarine, 128 GB)","₹16,489",13% off,4.4,"5,381 Ratings & 247 Reviews","8 GB RAM | 128 GB ROM
17.02 cm (6.7 inch) Display
50MP Rear Camera
6500 mAh Battery
1 Year on Handset and 6 Months on Accessories",https://rukminim2.flixcart.com/image/312/312/xif0q/mobile/m/k/c/-original-imahgzpkuv5hzyny.jpeg?q=70
"OnePlus Nord 5 5G (Dry Ice, 256 GB)","₹33,685",3% off,4.5,"2,428 Ratings & 157 Reviews","8 GB RAM | 256 GB ROM
17.35 cm (6.83 inch) Full HD+ AMOLED Display
50MP + 50MP + 8MP | 50MP Front Camera
6800 mAh Battery
Qualcomm® Snapdragon™ 8s Gen 3 Mobile Platform Processor
1 Year",https://rukminim2.flixcart.com/image/312/312/xif0q/mobile/b/i/o/-original-imahgkgxdvjepups.jpeg?q=70
LAVA A2 Smart,"₹1,198",22% off,4,630 Ratings & 38 Reviews,"4 MB RAM | 24 MB ROM | Expandable Upto 32 GB
6.1 cm (2.4 inch) HVGA Display
1.3MP + 0MP | 0MP Front Camera
1200 mAh Battery
Mtk Processor
1 year manufacturer Replacement for device and 6 months manufacturer warranty for in-box accessories including batteries from the date of purchase",https://rukminim2.flixcart.com/image/312/312/xif0q/mobile/v/f/o/a2-smart-lf6004-lava-original-imahhsxyqjyhmqvc.jpeg?q=70
Jmax Super 2,₹567,43% off,3.9,"2,064 Ratings & 162 Reviews","32 MB RAM | 32 MB ROM
4.57 cm (1.8 inch) Display
0.3MP Rear Camera
1100 mAh Battery
1 Year Domestic Warranty 7698174900",https://rukminim2.flixcart.com/image/312/312/ku2zjww0/mobile/s/7/2/super-2-super-2-jmax-original-imag7ae9cj83dgtg.jpeg?q=70
"realme P3x 5G (Midnight Blue, 128 GB)","₹12,999",23% off,4.4,"74,275 Ratings & 2,851 Reviews","6 GB RAM | 128 GB ROM
17.07 cm (6.72 inch) Full HD Display
50MP Rear Camera | 8MP Front Camera
6000 mAh Battery
Dimensity 6400 Processor
1 Year Manufacturer Warranty for Device and 6 Months Manufacturer Warranty for Inbox Accessories",https://rukminim2.flixcart.com/image/312/312/xif0q/mobile/j/n/1/-original-imah9gtmya9qhqse.jpeg?q=70
"POCO M7 Plus 5G (Chrome Silver, 128 GB)","₹14,999",16% off,4.3,"4,103 Ratings & 237 Reviews","8 GB RAM | 128 GB ROM | Expandable Upto 2 TB
17.53 cm (6.9 inch) Display
50MP AI Dual Camera
7000 mAh Battery
Snapdragon 6s Gen 3 5G Processor
1 Year Manufacturer Warranty for Phone and 6 Months Warranty for In the Box Accessories",https://rukminim2.flixcart.com/image/312/312/xif0q/mobile/n/f/x/-original-imahgwae44avqzng.jpeg?q=70
"Ai+ Nova 5G (Pink, 128 GB)","₹8,999",18% off,4.2,"25,944 Ratings & 1,625 Reviews","6 GB RAM | 128 GB ROM | Expandable Upto 1 TB
17.13 cm (6.745 inch) HD+ Display
50MP Rear Camera | 5MP Front Camera
5000 mAh Battery
T8200 Processor
1 Year Warranty on Handset and 6 Months Warranty on the Inbox Accessories",https://rukminim2.flixcart.com/image/312/312/xif0q/mobile/t/r/p/-original-imahdsbnk9ya4e3z.jpeg?q=70
"MOTOROLA Edge 60 Fusion 5G (PANTONE Mykonos Blue, 256 GB)","₹22,999",11% off,4.4,"1,24,426 Ratings & 6,420 Reviews","8 GB RAM | 256 GB ROM | Expandable Upto 1 TB
16.94 cm (6.67 inch) Display
50MP + 13MP | 32MP Front Camera
5500 mAh Battery
Dimensity 7400 Processor
68W Charger
1 Year Warranty on Handset and 6 Months Warranty on Accessories",https://rukminim2.flixcart.com/image/312/312/xif0q/mobile/h/l/g/-original-imahgympttnkvw7t.jpeg?q=70
LAVA A7 Torch+,"₹1,498",21% off,4,"1,666 Ratings & 121 Reviews","4 MB RAM | 32 MB ROM | Expandable Upto 32 GB
6.1 cm (2.4 inch) Quarter QVGA Display
0.3MP + 0MP | 0MP Front Camera
2575 mAh Battery
Mtk Processor
1 Year Handset Domestic warranty",https://rukminim2.flixcart.com/image/312/312/xif0q/shopsy-mobile/0/1/7/a7-torch-32-lf7002-lava-24-original-imahhhtprscbhpxs.jpeg?q=70
"Nothing Phone (3a) Pro (Grey, 128 GB)","₹29,999",9% off,4.5,"13,844 Ratings & 1,038 Reviews","8 GB RAM | 128 GB ROM
43.66 cm (17.19 cm) Full HD+ Display
50MP (Main) + 50MP (3X Periscope)+ 8MP (Ultra-Wide) | 50MP Front Camera
5000 mAh Battery
7s Gen3 Processor
1 Year Manufacturing Warranty",https://rukminim2.flixcart.com/image/312/312/xif0q/mobile/3/n/p/-original-imahcfcfwzp8sydh.jpeg?q=70
"Nothing Phone (3a) Pro (Black, 256 GB)","₹33,999",8% off,4.4,"8,110 Ratings & 485 Reviews","12 GB RAM | 256 GB ROM
43.66 cm (17.19 cm) Full HD+ Display
50MP (Main) + 50MP (3X Periscope)+ 8MP (Ultra-Wide) | 50MP Front Camera
5000 mAh Battery
7s Gen3 Processor
1 Year Manufacturing Warranty",https://rukminim2.flixcart.com/image/312/312/xif0q/mobile/u/b/h/-original-imahcfcfkenf5rks.jpeg?q=70
"IQOO Z10R 5G (Moonstone, 128 GB)","₹20,150",14% off,4.4,"3,935 Ratings & 225 Reviews","8 GB RAM | 128 GB ROM
17.2 cm (6.77 inch) Display
50MP Rear Camera
5700 mAh Battery
1 Year Warranty",https://rukminim2.flixcart.com/image/312/312/xif0q/mobile/o/n/o/-original-imahgkgxr4fupr5v.jpeg?q=70
MOTOROLA Moto A200,"₹1,157",25% off,4,867 Ratings & 77 Reviews,"56 MB RAM | 36 MB ROM | Expandable Upto 64 GB
4.5 cm (1.77 inch) HVGA Display
0MP | 0MP Front Camera
800 mAh Battery
NA Processor
2 Years Domestic Replacement Warranty",https://rukminim2.flixcart.com/image/312/312/xif0q/shopsy-mobile/u/q/2/moto-a200-36-od-1802-motorola-56-original-imahhhtpnhrr7meu.jpeg?q=70
"Infinix Note 50s 5G+ (Titanium Grey, 128 GB)","₹19,999",,4.4,"10,553 Ratings & 656 Reviews","6 GB RAM | 128 GB ROM
17.22 cm (6.78 inch) Full HD+ Display
64MP + 2MP | 13MP Front Camera
5500 mAh Battery
Dimensity 7300 Ultimate Processor
1 Year Warranty for Handset and 6 Months Warranty for Accessories",https://rukminim2.flixcart.com/image/312/312/xif0q/mobile/a/x/a/note-50s-5g-x6870-infinix-original-imahed76tuzgybtk.jpeg?q=70
"POCO C75 5G (Aqua Bliss, 64 GB)","₹8,499",22% off,4.2,"1,55,188 Ratings & 6,761 Reviews","4 GB RAM | 64 GB ROM | Expandable Upto 1 TB
17.48 cm (6.88 inch) HD+ Display
50MP Rear Camera | 5MP Front Camera
5160 mAh Battery
4s Gen 2 5G Processor
1 Year Manufacturer Warranty for Phone and 6 Months Warranty for In the Box Accessories",https://rukminim2.flixcart.com/image/312/312/xif0q/mobile/o/2/g/-original-imahbr2cz5apcwze.jpeg?q=70
"Ai+ Pulse (Purple, 128 GB)","₹7,499",25% off,4.1,"7,256 Ratings & 418 Reviews","6 GB RAM | 128 GB ROM | Expandable Upto 1 TB
17.13 cm (6.745 inch) HD+ Display
50MP Rear Camera | 5MP Front Camera
5000 mAh Battery
T615 Processor
1 Year Warranty on Handset and 6 Months Warranty on the Inbox Accessories",https://rukminim2.flixcart.com/image/312/312/xif0q/mobile/m/l/u/-original-imahdsbnduqgjgwb.jpeg?q=70
"Samsung Galaxy S24 5G Snapdragon (Marble Gray, 128 GB)","₹41,999",44% off,4.6,"55,343 Ratings & 3,156 Reviews","8 GB RAM | 128 GB ROM
15.75 cm (6.2 inch) Full HD+ Display
50MP + 12MP | 12MP Front Camera
4000 mAh Battery
8 Gen 3 Processor
1 Year Manufacturer Warranty for Device and 6 Months for In-Box Accessories",https://rukminim2.flixcart.com/image/312/312/xif0q/mobile/i/b/d/-original-imahfz2tuqdczpfg.jpeg?q=70
"MOTOROLA Edge 60 Pro (Pantone Shadow, 256 GB)","₹29,999",18% off,4.3,"47,300 Ratings & 3,465 Reviews","8 GB RAM | 256 GB ROM
17.02 cm (6.7 inch) Display
50MP + 50MP + 10MP | 50MP Front Camera
6000 mAh Battery
Dimensity 8350 Processor
1 Year Warranty on Handset and 6 Months Warranty on Accessories",https://rukminim2.flixcart.com/image/312/312/xif0q/mobile/u/b/t/-original-imahgqnzzc6cgggb.jpeg?q=70
"Motorola Edge 50 Fusion (Hot Pink, 128 GB)","₹18,999",26% off,4.4,"1,42,656 Ratings & 9,015 Reviews","8 GB RAM | 128 GB ROM
17.02 cm (6.7 inch) Full HD+ Display
50MP + 13MP | 32MP Front Camera
5000 mAh Battery
7s Gen 2 Processor
1 Year on Handset and 6 Months on Accessories",https://rukminim2.flixcart.com/image/312/312/xif0q/mobile/i/k/l/edge-50-fusion-pb300001in-motorola-original-imahywzpfd2jh9ep.jpeg?q=70
"Samsung Galaxy A55 5G (Awesome Navy, 128 GB)","₹24,879",42% off,4.4,"7,062 Ratings & 435 Reviews","8 GB RAM | 128 GB ROM | Expandable Upto 1 TB
16.76 cm (6.6 inch) Full HD+ Display
50MP + 12MP + 5MP | 32MP Front Camera
5000 mAh Battery
Samsung Exynos 1480 Processor
1 Year Manufacturer Warranty for Device and 6 Months for In-Box Accessories",https://rukminim2.flixcart.com/image/312/312/xif0q/mobile/q/q/t/-original-imahbzpzhcptykzf.jpeg?q=70
"realme Narzo 80 Lite 4G (Obsidian Black, 64 GB)","₹8,465",5% off,4.3,"2,236 Ratings & 87 Reviews","4 GB RAM | 64 GB ROM
17.12 cm (6.74 inch) HD+ Display
32MP Rear Camera
6300 mAh Battery
1 year brand Warranty",https://rukminim2.flixcart.com/image/312/312/xif0q/mobile/0/e/a/-original-imahgkgxnr2yypmq.jpeg?q=70
"vivo T4 Pro 5G (Blaze Gold, 128 GB)","₹27,999",15% off,4.5,"16,016 Ratings & 1,037 Reviews","8 GB RAM | 128 GB ROM
17.2 cm (6.77 inch) Display
50MP + 2MP + 50MP | 32MP Front Camera
6500 mAh Battery
7 Gen 4 Processor
1 Year Manufacturer Warranty for Device and 6 Months Manufacturer Warranty for Inbox Accessories",https://rukminim2.flixcart.com/image/312/312/xif0q/mobile/4/c/b/-original-imahfkvezr4fcets.jpeg?q=70
MOTOROLA Moto A200,"₹1,157",25% off,4,867 Ratings & 77 Reviews,"56 MB RAM | 36 MB ROM | Expandable Upto 64 GB
4.5 cm (1.77 inch) HVGA Display
0MP | 0MP Front Camera
800 mAh Battery
NA Processor
2 Years Domestic Replacement Warranty",https://rukminim2.flixcart.com/image/312/312/xif0q/mobile/l/9/d/moto-a200-od-1802-motorola-original-imahg2sfhpudwa9r.jpeg?q=70
"vivo T4 Pro 5G (Nitro Blue, 256 GB)","₹29,999",14% off,4.5,"16,016 Ratings & 1,037 Reviews","8 GB RAM | 256 GB ROM
17.2 cm (6.77 inch) Display
50MP + 2MP + 50MP | 32MP Front Camera
6500 mAh Battery
7 Gen 4 Processor
1 Year Manufacturer Warranty for Device and 6 Months Manufacturer Warranty for Inbox Accessories",https://rukminim2.flixcart.com/image/312/312/xif0q/mobile/y/w/w/-original-imahfkvf9ngfahpg.jpeg?q=70
"vivo T4 Pro 5G (Nitro Blue, 128 GB)","₹27,999",15% off,4.5,"16,016 Ratings & 1,037 Reviews","8 GB RAM | 128 GB ROM
17.2 cm (6.77 inch) Display
50MP + 2MP + 50MP | 32MP Front Camera
6500 mAh Battery
7 Gen 4 Processor
1 Year Manufacturer Warranty for Device and 6 Months Manufacturer Warranty for Inbox Accessories",https://rukminim2.flixcart.com/image/312/312/xif0q/mobile/y/w/w/-original-imahfkvf9ngfahpg.jpeg?q=70
"vivo T4 Pro 5G (Blaze Gold, 256 GB)","₹29,999",14% off,4.5,"16,016 Ratings & 1,037 Reviews","8 GB RAM | 256 GB ROM
17.2 cm (6.77 inch) Display
50MP + 2MP + 50MP | 32MP Front Camera
6500 mAh Battery
7 Gen 4 Processor
1 Year Manufacturer Warranty for Device and 6 Months Manufacturer Warranty for Inbox Accessories",https://rukminim2.flixcart.com/image/312/312/xif0q/mobile/4/c/b/-original-imahfkvezr4fcets.jpeg?q=70
"realme Narzo 80 Lite 5G (Onyx Black, 128 GB)","₹12,556",16% off,4.3,"7,388 Ratings & 313 Reviews","6 GB RAM | 128 GB ROM
16.94 cm (6.67 inch) Display
32MP Rear Camera
6000 mAh Battery
1 Year Warranty",https://rukminim2.flixcart.com/image/312/312/xif0q/mobile/o/m/m/-original-imahgkgxgjggq6q8.jpeg?q=70
"REDMI 15 5G (Midnight Black, 256 GB)","₹17,605",11% off,4.3,"3,175 Ratings & 158 Reviews","8 GB RAM | 256 GB ROM
17.53 cm (6.9 inch) Display
50MP Rear Camera
7000 mAh Battery
1 year manufacturer warranty for device and 6 months manufacturer warranty for in-box accessories including batteries from the date of purchase",https://rukminim2.flixcart.com/image/312/312/xif0q/mobile/m/o/d/15-5g-redmi-15-5g-redmi-original-imahfgbgx6xvdhpq.jpeg?q=70
"MOTOROLA Edge 60 Fusion 5G (PANTONE Mykonos Blue, 128 GB)","₹20,999",16% off,4.4,"1,24,426 Ratings & 6,420 Reviews","8 GB RAM | 128 GB ROM | Expandable Upto 1 TB
16.94 cm (6.67 inch) Display
50MP + 13MP | 32MP Front Camera
5500 mAh Battery
Dimensity 7400 Processor
68W Charger
1 Year Warranty on Handset and 6 Months Warranty on Accessories",https://rukminim2.flixcart.com/image/312/312/xif0q/mobile/f/p/a/-original-imahkcvguk5mx7zm.jpeg?q=70
"Nothing Phone (3a) Pro (Black, 128 GB)","₹29,999",9% off,4.5,"13,844 Ratings & 1,038 Reviews","8 GB RAM | 128 GB ROM
43.66 cm (17.19 cm) Full HD+ Display
50MP (Main) + 50MP (3X Periscope)+ 8MP (Ultra-Wide) | 50MP Front Camera
5000 mAh Battery
7s Gen3 Processor
1 Year Manufacturing Warranty",https://rukminim2.flixcart.com/image/312/312/xif0q/mobile/u/b/h/-original-imahcfcfkenf5rks.jpeg?q=70
Kechaoda K112,"₹1,625",18% off,4,"32,007 Ratings & 2,831 Reviews","32 MB RAM | 64 MB ROM | Expandable Upto 32 GB
6.1 cm (2.4 inch) QVGA Display
0.3MP + 0MP | 0MP Front Camera
3600 mAh Battery
No Processor
no warranty",https://rukminim2.flixcart.com/image/312/312/kqqykcw0/mobile/x/y/a/k112-k112-kechaoda-original-imag4zynzw7efpk6.jpeg?q=70
"POCO M7 5G (Satin Black, 128 GB)","₹10,799",16% off,4.1,"75,808 Ratings & 3,507 Reviews","6 GB RAM | 128 GB ROM | Expandable Upto 1 TB
17.48 cm (6.88 inch) HD+ Display
50MP Rear Camera | 8MP Front Camera
5160 mAh Battery
4 Gen 2 5G Processor
1 Year Manufacturer Warranty for Phone and 6 Months Warranty for In the Box Accessories",https://rukminim2.flixcart.com/image/312/312/xif0q/mobile/b/i/3/-original-imah9wydpxgkjtgw.jpeg?q=70
"POCO F7 5G (Frost White, 512 GB)","₹35,999",5% off,4.4,"21,636 Ratings & 2,073 Reviews","12 GB RAM | 512 GB ROM
17.35 cm (6.83 inch) Display
50MP Rear Camera | 20MP Front Camera
7550 mAh Li-Polymer + Silicon Carbon Battery
8s Gen 4 Processor
Rear Camera -50MP Main Camera -8MP Ultra-wide Camera with night mode and ultra-wide video recording
Front camera -20MP with Portrait Mode | | Front Video Recording | Night Mode
Display -6.83 inch 1.5K pOLED with 120 Hz refresh rate
Battery 7550mAh, 90W charger, 22.5W reverse charging
1 Year Manufacturer Warranty for Phone and 6 Months Warranty for In the Box Accessories",https://rukminim2.flixcart.com/image/312/312/xif0q/mobile/s/w/l/-original-imahdpu7udvckghp.jpeg?q=70
"MOTOROLA Edge 50 (Jungle Green, 256 GB)","₹21,999",33% off,4.3,"42,163 Ratings & 2,977 Reviews","8 GB RAM | 256 GB ROM
16.94 cm (6.67 inch) Display
50MP + 13MP + 10MP | 32MP Front Camera
5000 mAh Battery
Snapdragon 7 Gen 1 Accelerated Edition Processor
1 Year Warranty on Handset and 6 Months Warranty on Accessories",https://rukminim2.flixcart.com/image/312/312/xif0q/mobile/o/x/w/edge-50-pb2w0001in-motorola-original-imah3anbhkbjgqtk.jpeg?q=70
"Nokia 106 Single Sim Keypad Phone with Built-in UPI App, MP3 Player","₹1,149",32% off,3.8,"7,808 Ratings & 418 Reviews","32 MB RAM | 32 MB ROM
17.02 cm (6.7 inch) Display
1000 mAh Battery
SC6531E Processor
1YR BRAND WARRANTY ON HANDSET & 6 MONTHS WARRANTY ON ACCESSORIES",https://rukminim2.flixcart.com/image/312/312/xif0q/mobile/y/y/y/106-ta-1578-ss-nokia-original-imah3kfbhferbgah.jpeg?q=70
"Samsung M06 5G (Blazing Black, 128 GB)","₹12,400",19% off,4.1,851 Ratings & 60 Reviews,"6 GB RAM | 128 GB ROM
17.02 cm (6.7 inch) Display
50MP Rear Camera
5000 mAh Battery
1 Year Manufacturer Warranty for Phone and 6 Months Warranty for In the Box Accessories",https://rukminim2.flixcart.com/image/312/312/xif0q/mobile/h/y/x/-original-imaha58mehzvmk9w.jpeg?q=70
I Kall K75 CAR,"₹1,215",58% off,4,24 Ratings & 2 Reviews,"32 MB RAM | 32 MB ROM
4.57 cm (1.8 inch) Display
0.3MP Rear Camera
800 mAh Battery
12 months",https://rukminim2.flixcart.com/image/312/312/xif0q/mobile/b/y/k/k75-car-k75-i-kall-original-imah3xqfz8vc8pcp.jpeg?q=70
"Samsung Galaxy A55 5G (Awesome Navy, 256 GB)","₹33,990",30% off,4.3,735 Ratings & 52 Reviews,"12 GB RAM | 256 GB ROM | Expandable Upto 1 TB
16.76 cm (6.6 inch) Full HD+ Display
50MP + 12MP + 5MP | 32MP Front Camera
5000 mAh Battery
Samsung Exynos 1480 Processor
1 Year Manufacturer Warranty for Device and 6 Months for In-Box Accessories",https://rukminim2.flixcart.com/image/312/312/xif0q/mobile/q/q/t/-original-imahbzpzhcptykzf.jpeg?q=70
"Motorola G85 5G (Cobalt Blue, 128 GB)","₹15,999",23% off,4.4,"2,60,434 Ratings & 12,807 Reviews","8 GB RAM | 128 GB ROM
16.94 cm (6.67 inch) Full HD+ Display
50MP + 8MP | 32MP Front Camera
5000 mAh Battery
6s Gen 3 Processor
1 Year on Handset and 6 Months on Accessories",https://rukminim2.flixcart.com/image/312/312/xif0q/mobile/9/t/4/-original-imahgqnzvvsctmwr.jpeg?q=70
"Infinix Note 50s 5G+ (Marine Drift, 128 GB)","₹19,999",,4.4,"10,553 Ratings & 656 Reviews","6 GB RAM | 128 GB ROM
17.22 cm (6.78 inch) Full HD+ Display
64MP + 2MP | 13MP Front Camera
5500 mAh Battery
Dimensity 7300 Ultimate Processor
1 Year Warranty for Handset and 6 Months Warranty for Accessories",https://rukminim2.flixcart.com/image/312/312/xif0q/mobile/e/q/e/note-50s-5g-x6870-infinix-original-imahed76uqznguef.jpeg?q=70
"Google Pixel 9A (Porcelain, 256 GB)","₹39,999",20% off,4.5,"7,430 Ratings & 499 Reviews","8 GB RAM | 256 GB ROM
15.96 cm (6.285 inch) Full HD+ Display
48MP + 12MP | 12MP Front Camera
5100 mAh Battery
Tensor G4 Processor
1 Year Domestic Warranty",https://rukminim2.flixcart.com/image/312/312/xif0q/mobile/0/q/f/-original-imahadxg8mgjzrfh.jpeg?q=70
"Motorola Edge 50 Neo (PANTONE Nautical Blue, 256 GB)","₹20,999",30% off,4.4,"32,431 Ratings & 3,056 Reviews","8 GB RAM | 256 GB ROM
16.26 cm (6.4 inch) Super HD Display
50MP + 13MP + 10MP | 32MP Front Camera
4310 mAh Battery
Dimensity 7300 Processor
1 Year Warranty on Handset and 6 Months Warranty on Accessories",https://rukminim2.flixcart.com/image/312/312/xif0q/mobile/c/q/s/edge-50-neo-pb330006in-motorola-original-imah4pxa4szzfgsv.jpeg?q=70
Kechaoda K115,₹999,33% off,4.1,"43,663 Ratings & 2,718 Reviews","32 MB RAM | 32 MB ROM | Expandable Upto 16 GB
3.66 cm (1.44 inch) QVGA Display
0.3MP + 0MP | 0MP Front Camera
850 mAh Battery
NO Processor
3 Months Company Warranty",https://rukminim2.flixcart.com/image/312/312/xif0q/mobile/r/k/7/k115-k115-amozkart-original-imahggfjc5gk4uz4.jpeg?q=70
"Samsung Galaxy F16 5G (Bling Black, 128 GB)","₹15,499",18% off,4.2,"3,531 Ratings & 218 Reviews","8 GB RAM | 128 GB ROM
16.91 cm (6.657 inch) Full HD+ Display
50MP + 5MP + 2MP | 13MP Front Camera
5000 mAh Battery
Dimensity 6300 Processor
1 Year Manufacturer Warranty for Device and 6 Months for In-Box Accessories",https://rukminim2.flixcart.com/image/312/312/xif0q/mobile/0/p/e/-original-imahcreftgm2kxjh.jpeg?q=70
"Nokia 105 Single SIM, Keypad Mobile Phone with Wireless FM Radio","₹1,288",7% off,4,"80,205 Ratings & 4,889 Reviews","32 MB RAM | 32 MB ROM
4.5 cm (1.77 inch) QVGA Display
0MP Front Camera
800 mAh Lithium Ion Battery
SC6531E Processor
1YR BRAND WARRANTY ON HANDSET & 6 MONTHS WARRANTY ON ACCESSORIES",https://rukminim2.flixcart.com/image/312/312/xif0q/mobile/i/q/x/105-single-sim-keypad-mobile-phone-with-wireless-fm-radio-nokia-original-imah53fnka3xgtxh.jpeg?q=70
itel it5027 Slim Keypad Mobile | 2.4 inch Display| Type C Charging,"₹1,119",32% off,4.1,"1,488 Ratings & 96 Reviews","4 MB RAM | 4 MB ROM
6.1 cm (2.4 inch) Display
0.3MP Rear Camera
1200 mAh Battery
1 year manufacturer",https://rukminim2.flixcart.com/image/312/312/xif0q/mobile/l/t/n/it5027-slim-keypad-mobile-2-4-inch-display-type-c-charging-original-imahgpryxgcg3htj.jpeg?q=70
Samsung 1200,₹998,33% off,3.1,"5,958 Ratings & 396 Reviews","32 MB RAM | 32 MB ROM
3.81 cm (1.5 inch) Display
800 mAh Battery
NO WARRANTY",https://rukminim2.flixcart.com/image/312/312/xif0q/mobile/4/4/w/1200-1200-samsung-original-imah8gg9gchvy2hx.jpeg?q=70
