,name,url,rating,review_count,price,discount,description
0,"realme P4 Power 5G (TransSilver, 128 GB)",https://rukminim2.flixcart.com/image/312/312/xif0q/mobile/r/a/c/-original-imahjzf6gw6zwskp.jpeg?q=70,4.6,"1,878 Ratings & 175 Reviews","₹25,999",21% off,8 GB RAM | 128 GB ROM17.27 cm (6.8 inch) Full HD+ AMOLED Display50MP + 8MP | Yes10001 mAh BatteryDimensity 7400 Ultra Processor1 Year Manufacturer Warranty for Device and 6 Months Manufacturer Warranty for Inbox Accessories
1,"MOTOROLA g06 power (Pantone Tendril, 64 GB)",https://rukminim2.flixcart.com/image/312/312/xif0q/mobile/r/k/4/-original-imahgctgwut6fewm.jpeg?q=70,4.3,"7,418 Ratings & 445 Reviews","₹7,999",20% off,4 GB RAM | 64 GB ROM | Expandable Upto 1 TB17.48 cm (6.88 inch) HD+ Display50MP Rear Camera | 8MP Front Camera7000 mAh BatteryHelio G81 Processor1 Year Warranty on Handset and 6 Months Warranty on Accessories
2,"IQOO Z10X 5G (Ultramarine, 128 GB)",https://rukminim2.flixcart.com/image/312/312/xif0q/mobile/m/k/c/-original-imahgzpkuv5hzyny.jpeg?q=70,4.4,"9,531 Ratings & 474 Reviews","₹15,499",11% off,6 GB RAM | 128 GB ROM17.02 cm (6.7 inch) Display50MP Rear Camera6500 mAh Battery1 Year on Handset and 6 Months on Accessories
3,"Ai+ Pulse (Black, 128 GB)",https://rukminim2.flixcart.com/image/312/312/xif0q/mobile/a/h/z/-original-imahea37ayddymdw.jpeg?q=70,4.1,"7,317 Ratings & 421 Reviews","₹8,299",17% off,6 GB RAM | 128 GB ROM | Expandable Upto 1 TB17.13 cm (6.745 inch) HD+ Display50MP Rear Camera | 5MP Front Camera5000 mAh BatteryT615 Processor1 Year Warranty on Handset and 6 Months Warranty on the Inbox Accessories
4,"IQOO Z10 Lite 5G (Cyber Green, 128 GB)",https://rukminim2.flixcart.com/image/312/312/xif0q/mobile/n/n/l/z10-lite-5g-i2409-iqoo-original-imahjc5ebg6mhsvt.jpeg?q=70,4.2,"2,466 Ratings & 98 Reviews","₹12,298",12% off,4 GB RAM | 128 GB ROM17.12 cm (6.74 inch) Display50MP Rear Camera6000 mAh Battery1 Year Warranty
5,"IQOO Z10X 5G (Titanium, 128 GB)",https://rukminim2.flixcart.com/image/312/312/xif0q/mobile/b/b/u/-original-imahgzpkwbjdkhm3.jpeg?q=70,4.4,"9,531 Ratings & 474 Reviews","₹15,499",11% off,6 GB RAM | 128 GB ROM17.02 cm (6.7 inch) Display50MP Rear Camera6500 mAh Battery1 Year Warranty on Handset and 6 Months Warranty on Accessories
6,"Ai+ Pulse (Sparkle Red, 64 GB)",https://rukminim2.flixcart.com/image/312/312/xif0q/mobile/m/w/t/-original-imahhc4czn6fswwz.jpeg?q=70,4.3,"45,086 Ratings & 2,680 Reviews","₹7,499",6% off,4 GB RAM | 64 GB ROM | Expandable Upto 1 TB17.13 cm (6.745 inch) HD+ Display50MP Rear Camera | 5MP Front Camera5000 mAh BatteryT615 Processor1 Year Warranty on Handset and 6 Months Warranty on the Inbox Accessories
7,"IQOO Z10 Lite 5G (Titanium Blue, 128 GB)",https://rukminim2.flixcart.com/image/312/312/xif0q/mobile/n/v/5/-original-imahgkgxgpjx8tq6.jpeg?q=70,4.2,"2,466 Ratings & 98 Reviews","₹12,290",12% off,4 GB RAM | 128 GB ROM17.12 cm (6.74 inch) Display50MP Rear Camera6000 mAh Battery1 Year Warranty
8,"Ai+ Pulse (Black, 64 GB)",https://rukminim2.flixcart.com/image/312/312/xif0q/mobile/4/b/p/-original-imahgzhpc8abrthu.jpeg?q=70,4.3,"45,086 Ratings & 2,680 Reviews","₹7,499",6% off,4 GB RAM | 64 GB ROM | Expandable Upto 1 TB17.13 cm (6.745 inch) HD+ Display50MP Rear Camera | 5MP Front Camera5000 mAh BatteryT615 Processor1 Year Warranty on Handset and 6 Months Warranty on the Inbox Accessories
9,"IQOO Z10R 5G (Moonstone, 128 GB)",https://rukminim2.flixcart.com/image/312/312/xif0q/mobile/o/n/o/-original-imahgkgxr4fupr5v.jpeg?q=70,4.4,"3,956 Ratings & 228 Reviews","₹20,451",12% off,8 GB RAM | 128 GB ROM17.2 cm (6.77 inch) Display50MP Rear Camera5700 mAh Battery1 Year Warranty
10,"MOTOROLA g06 power (Pantone tapestry, 64 GB)",https://rukminim2.flixcart.com/image/312/312/xif0q/mobile/u/b/9/-original-imahgctgvmt6kjyn.jpeg?q=70,4.3,"7,418 Ratings & 445 Reviews","₹7,999",20% off,4 GB RAM | 64 GB ROM | Expandable Upto 1 TB17.48 cm (6.88 inch) HD+ Display50MP Rear Camera | 8MP Front Camera7000 mAh BatteryHelio G81 Processor1 Year Warranty on Handset and 6 Months Warranty on Accessories
11,"realme P4x 5G (Matte Silver, 256 GB)",https://rukminim2.flixcart.com/image/312/312/xif0q/mobile/z/9/n/-original-imahgdr4shzrvcfh.jpeg?q=70,4.4,"2,570 Ratings & 207 Reviews","₹18,999",9% off,8 GB RAM | 256 GB ROM17.07 cm (6.72 inch) Full HD+ Display50MP + 2MP | 8MP Front Camera7000 mAh BatteryDimensity 7400 Ultra Processor1 Year Manufacturer Warranty for Phone and 6 Months Warranty for In-Box Accessories
12,"IQOO Z10 Lite 5G (Cyber Green, 128 GB)",https://rukminim2.flixcart.com/image/312/312/xif0q/mobile/n/n/l/z10-lite-5g-i2409-iqoo-original-imahjc5ebg6mhsvt.jpeg?q=70,4.3,"3,431 Ratings & 137 Reviews","₹13,153",12% off,6 GB RAM | 128 GB ROM17.12 cm (6.74 inch) Display50MP Rear Camera6000 mAh Battery1 Year Warranty
13,"Ai+ Pulse (Green, 128 GB)",https://rukminim2.flixcart.com/image/312/312/xif0q/mobile/r/3/d/-original-imahea37xrfzhuty.jpeg?q=70,4.1,"7,317 Ratings & 421 Reviews","₹8,299",17% off,6 GB RAM | 128 GB ROM | Expandable Upto 1 TB17.13 cm (6.745 inch) HD+ Display50MP Rear Camera | 5MP Front Camera5000 mAh BatteryT615 Processor1 Year Warranty on Handset and 6 Months Warranty on the Inbox Accessories
14,"IQOO Z10R 5G (Aquamarine, 256 GB)",https://rukminim2.flixcart.com/image/312/312/xif0q/mobile/x/k/r/z10r-5g-i2410-iqoo-original-imahehzhhxvc9xgw.jpeg?q=70,4.4,"3,956 Ratings & 228 Reviews","₹22,354",10% off,8 GB RAM | 256 GB ROM17.2 cm (6.77 inch) Display50MP Rear Camera5700 mAh Battery1 Year Warranty
15,"MOTOROLA g06 power (Pantone Laurel Oak, 64 GB)",https://rukminim2.flixcart.com/image/312/312/xif0q/mobile/9/c/g/-original-imahgctgvra6qqwq.jpeg?q=70,4.3,"7,418 Ratings & 445 Reviews","₹7,999",20% off,4 GB RAM | 64 GB ROM | Expandable Upto 1 TB17.48 cm (6.88 inch) HD+ Display50MP Rear Camera | 8MP Front Camera7000 mAh BatteryHelio G81 Processor1 Year Warranty on Handset and 6 Months Warranty on Accessories
16,"REDMI A4 (Sparkle Purple, 128 GB)",https://rukminim2.flixcart.com/image/312/312/xif0q/mobile/x/c/z/a4-5g-a4-5g-redmi-original-imah6yhdqpgfw36t.jpeg?q=70,4.3,"15,138 Ratings & 626 Reviews","₹10,396",13% off,4 GB RAM | 128 GB ROM17.48 cm (6.88 inch) Display50MP Rear Camera5160 mAh Battery1 Year
17,"Ai+ Pulse (Blue, 64 GB)",https://rukminim2.flixcart.com/image/312/312/xif0q/mobile/z/h/v/-original-imahgzhp9vgvyfkg.jpeg?q=70,4.3,"45,086 Ratings & 2,680 Reviews","₹7,499",6% off,4 GB RAM | 64 GB ROM | Expandable Upto 1 TB17.13 cm (6.745 inch) HD+ Display50MP Rear Camera | 5MP Front Camera5000 mAh BatteryT615 Processor1 Year Warranty on Handset and 6 Months Warranty on the Inbox Accessories
18,HOTLINE V63,https://rukminim2.flixcart.com/image/312/312/xif0q/mobile/d/1/w/v63-v63-hotline-original-imah6wa3ccx3bz7r.jpeg?q=70,3.6,"1,260 Ratings & 69 Reviews",₹453,54% off,32 MB RAM | 32 MB ROM4.57 cm (1.8 inch) Display1MP Rear Camera1000 mAh Battery3 Months Manufacturer warranty
19,"POCO C75 5G (Silver Stardust, 128 GB)",https://rukminim2.flixcart.com/image/312/312/xif0q/mobile/i/b/b/-original-imahbr2czzcrgfx7.jpeg?q=70,4.2,"1,55,390 Ratings & 6,765 Reviews","₹9,499",17% off,4 GB RAM | 128 GB ROM | Expandable Upto 1 TB17.48 cm (6.88 inch) HD+ Display50MP Rear Camera | 5MP Front Camera5160 mAh Battery4s Gen 2 5G Processor1 Year Manufacturer Warranty for Phone and 6 Months Warranty for In the Box Accessories
20,"Samsung Galaxy F07 (Green, 64 GB)",https://rukminim2.flixcart.com/image/312/312/xif0q/mobile/v/m/4/-original-imahgacf8wvads6f.jpeg?q=70,4.3,"4,206 Ratings & 212 Reviews","₹7,499",25% off,4 GB RAM | 64 GB ROM | Expandable Upto 2 TB17.02 cm (6.7 inch) HD+ Display50MP + 2MP | 8MP Front Camera5000 mAh BatteryHelio G99 Processor1 Year Manufacturer Warranty for Device and 6 Months for In-Box Accessories
21,"POCO M7 Plus 5G (Carbon Black, 128 GB)",https://rukminim2.flixcart.com/image/312/312/xif0q/mobile/i/t/s/-original-imahf728ffwf54gs.jpeg?q=70,4.3,"6,819 Ratings & 353 Reviews","₹13,999",17% off,6 GB RAM | 128 GB ROM | Expandable Upto 2 TB17.53 cm (6.9 inch) Display50MP AI Dual Camera7000 mAh BatterySnapdragon 6s Gen 3 5G Processor1 Year Manufacturer Warranty for Phone and 6 Months Warranty for In the Box Accessories
22,"realme P4x 5G (Lake Green, 128 GB)",https://rukminim2.flixcart.com/image/312/312/xif0q/mobile/k/q/a/-original-imahgdr4nr8vzghm.jpeg?q=70,4.4,"7,635 Ratings & 580 Reviews","₹15,999",11% off,6 GB RAM | 128 GB ROM17.07 cm (6.72 inch) Full HD+ Display50MP + 2MP | 8MP Front Camera7000 mAh BatteryDimensity 7400 Ultra Processor1 Year Manufacturer Warranty for Phone and 6 Months Warranty for In-Box Accessories
23,"IQOO Z10 5G (Stellar Black / Black, 128 GB)",https://rukminim2.flixcart.com/image/312/312/xif0q/mobile/s/l/j/-original-imahgzpkgd5xy9vs.jpeg?q=70,4.4,"5,471 Ratings & 267 Reviews","₹22,500",13% off,8 GB RAM | 128 GB ROM17.02 cm (6.7 inch) Display50MP Rear Camera7300 mAh Battery1 Year Warranty on Handset and 6 Months Warranty on Accessories
24,"IQOO Z10 5G (Glacier Silver / Silver, 128 GB)",https://rukminim2.flixcart.com/image/312/312/xif0q/mobile/n/o/c/-original-imahgzpke6hvsgc7.jpeg?q=70,4.4,"5,471 Ratings & 267 Reviews","₹21,750",16% off,8 GB RAM | 128 GB ROM17.02 cm (6.7 inch) Display50MP Rear Camera7300 mAh Battery1 Year Warranty on Handset and 6 Months Warranty on Accessories
25,"Tecno Spark Go 1 (Startrail Black, 64 GB)",https://rukminim2.flixcart.com/image/312/312/xif0q/mobile/t/6/q/-original-imah43f3nesgmgud.jpeg?q=70,4.3,"6,689 Ratings & 317 Reviews","₹7,299",18% off,4 GB RAM | 64 GB ROM | Expandable Upto 1 TB16.94 cm (6.67 inch) Display13MP Rear Camera | 8MP Front Camera5000 mAh BatteryUnisoc T61 Processor1 Year Manufacturer Warranty for Phone
26,"realme P4 Power 5G (TransSilver, 128 GB)",https://rukminim2.flixcart.com/image/312/312/xif0q/mobile/r/a/c/-original-imahjzf6gw6zwskp.jpeg?q=70,4.6,"1,878 Ratings & 175 Reviews","₹25,999",21% off,8 GB RAM | 128 GB ROM17.27 cm (6.8 inch) Full HD+ AMOLED Display50MP + 8MP | Yes10001 mAh BatteryDimensity 7400 Ultra Processor1 Year Manufacturer Warranty for Device and 6 Months Manufacturer Warranty for Inbox Accessories
27,"Ai+ Nova 5G (Pink, 128 GB)",https://rukminim2.flixcart.com/image/312/312/xif0q/mobile/t/r/p/-original-imahdsbnk9ya4e3z.jpeg?q=70,4.2,"26,027 Ratings & 1,627 Reviews","₹8,999",18% off,6 GB RAM | 128 GB ROM | Expandable Upto 1 TB17.13 cm (6.745 inch) HD+ Display50MP Rear Camera | 5MP Front Camera5000 mAh BatteryT8200 Processor1 Year Warranty on Handset and 6 Months Warranty on the Inbox Accessories
28,"IQOO Z10X 5G (Titanium, 128 GB)",https://rukminim2.flixcart.com/image/312/312/xif0q/mobile/b/b/u/-original-imahgzpkwbjdkhm3.jpeg?q=70,4.4,"5,406 Ratings & 248 Reviews","₹16,999",10% off,8 GB RAM | 128 GB ROM17.02 cm (6.7 inch) Display50MP Rear Camera6500 mAh Battery1 Year Warranty on Handset and 6 Months Warranty on Accessories
29,"POCO C75 5G (Enchanted Green, 64 GB)",https://rukminim2.flixcart.com/image/312/312/xif0q/mobile/y/v/f/-original-imahbr2cmpwexghw.jpeg?q=70,4.2,"1,55,390 Ratings & 6,765 Reviews","₹8,499",22% off,4 GB RAM | 64 GB ROM | Expandable Upto 1 TB17.48 cm (6.88 inch) HD+ Display50MP Rear Camera | 5MP Front Camera5160 mAh Battery4s Gen 2 5G Processor1 Year Manufacturer Warranty for Phone and 6 Months Warranty for In the Box Accessories
30,"Nokia 105 Classic Single Sim Keypad Phone, Without Charger",https://rukminim2.flixcart.com/image/312/312/xif0q/mobile/p/o/i/105-single-sim-keypad-mobile-phone-with-wireless-fm-radio-nokia-original-imah2xgc9z6cwcqv.jpeg?q=70,3.9,"8,647 Ratings & 342 Reviews",₹994,20% off,32 MB RAM | 32 MB ROM4.5 cm (1.77 inch) Display0MP Front Camera800 mAh BatterySC6531E Processor1 Month Company Domestic Warranty by Company Authorized Service Center.
31,"realme P3 Lite 5G Charger in the Box (Midnight Lily, 128 GB)",https://rukminim2.flixcart.com/image/312/312/xif0q/mobile/a/f/t/-original-imahfsgv98qsukvz.jpeg?q=70,4.4,"10,179 Ratings & 404 Reviews","₹11,999",7% off,4 GB RAM | 128 GB ROM | Expandable Upto 2 TB16.94 cm (6.67 inch) Display32MP Rear Camera | 8MP Front Camera6000 mAh BatteryDimensity 6300 Processor1 Year Manufacturer Warranty for Device and 6 Months Manufacturer Warranty for Inbox Accessories
32,"POCO C71 (Cool Blue, 128 GB)",https://rukminim2.flixcart.com/image/312/312/xif0q/mobile/r/5/z/-original-imahawgarmg5f8ff.jpeg?q=70,4.1,"34,226 Ratings & 1,593 Reviews","₹8,799",12% off,"6 GB RAM | 128 GB ROM | Expandable Upto 2 TB17.48 cm (6.88 inch) HD+ Display32MP Rear Camera | 8MP Front Camera5200 mAh BatteryUnisoc T7250
Max clock speed: 
2 x A75@1.8GHz
6 x A55@1.6GHz Processor1 Year Manufacturer Warranty for Phone and 6 Months Warranty for In the Box Accessories"
33,"MOTOROLA g57 power 5G (Pantone Corsair, 128 GB)",https://rukminim2.flixcart.com/image/312/312/xif0q/mobile/b/q/k/-original-imahhqjwz6fzmubx.jpeg?q=70,4.4,"19,181 Ratings & 1,038 Reviews","₹14,999",16% off,8 GB RAM | 128 GB ROM17.07 cm (6.72 inch) Full HD+ Display50MP + 8MP | 8MP Front Camera7000 mAh Battery6s Gen 4 Processor1 Year Warranty on Handset and 6 Months Warranty on Accessories
34,"Ai+ Pulse (Purple, 64 GB)",https://rukminim2.flixcart.com/image/312/312/xif0q/mobile/o/4/y/-original-imahgzhpcehgd6xv.jpeg?q=70,4.3,"45,086 Ratings & 2,680 Reviews","₹7,499",6% off,4 GB RAM | 64 GB ROM | Expandable Upto 1 TB17.13 cm (6.745 inch) HD+ Display50MP Rear Camera | 5MP Front Camera5000 mAh BatteryT615 Processor1 Year Warranty on Handset and 6 Months Warranty on the Inbox Accessories
35,Kechaoda A26,https://rukminim2.flixcart.com/image/312/312/xif0q/mobile/a/6/k/a26-a26-kechaoda-original-imahkaqnrnuh8kkm.jpeg?q=70,4,"30,354 Ratings & 1,648 Reviews",₹899,40% off,32 MB RAM | 32 MB ROM | Expandable Upto 16 GB1.68 cm (0.66 inch) FWVGA Display800 mAh Battery3 Months Company Warranty
36,"MOTOROLA g57 power 5G (Pantone Regatta, 128 GB)",https://rukminim2.flixcart.com/image/312/312/xif0q/mobile/z/u/l/-original-imahhqjwyzsjyfvn.jpeg?q=70,4.4,"19,181 Ratings & 1,038 Reviews","₹14,999",16% off,8 GB RAM | 128 GB ROM17.07 cm (6.72 inch) Full HD+ Display50MP + 8MP | 8MP Front Camera7000 mAh Battery6s Gen 4 Processor1 Year Warranty on Handset and 6 Months Warranty on Accessories
37,"POCO M7 Plus 5G (Chrome Silver, 128 GB)",https://rukminim2.flixcart.com/image/312/312/xif0q/mobile/3/o/4/-original-imahf728axcsmfeq.jpeg?q=70,4.1,"1,893 Ratings & 129 Reviews","₹12,999",18% off,4 GB RAM | 128 GB ROM | Expandable Upto 2 TB17.53 cm (6.9 inch) Display50MP Rear Camera7000 mAh BatterySnapdragon 6s Gen 3 5G Processor1 Year Manufacturer Warranty for Phone and 6 Months Warranty for In the Box Accessories
38,"REDMI A5 (Just Black, 64 GB)",https://rukminim2.flixcart.com/image/312/312/xif0q/mobile/p/4/r/-original-imahb56zdgszp7tg.jpeg?q=70,4.1,"7,305 Ratings & 343 Reviews","₹7,999",11% off,3 GB RAM | 64 GB ROM | Expandable Upto 2 TB17.48 cm (6.88 inch) HD+ Display32MP Rear Camera | 8MP Front Camera5200 mAh BatteryT7250 Processor1 Year Manufacturer Warranty for Handset and 6 Months Warranty for In the Box Accessories
39,"realme Narzo 80 Lite 4G (Beach Gold, 128 GB)",https://rukminim2.flixcart.com/image/312/312/xif0q/mobile/s/p/t/-original-imahgkgxmhadh95w.jpeg?q=70,4.3,"1,783 Ratings & 89 Reviews","₹9,492",13% off,6 GB RAM | 128 GB ROM17.12 cm (6.74 inch) HD+ Display32MP Rear Camera6300 mAh Battery1 year brand Warranty
40,"realme C71 (Sea Blue, 128 GB)",https://rukminim2.flixcart.com/image/312/312/xif0q/mobile/c/f/j/-original-imahdz2gdtkwhz9g.jpeg?q=70,4.2,"9,173 Ratings & 345 Reviews","₹9,699",11% off,6 GB RAM | 128 GB ROM | Expandable Upto 2 TB17.14 cm (6.75 inch) HD+ Display13MP Rear Camera | 5MP Front Camera6300 mAh BatteryT7250 Processor1 Year Manufacturer Warranty for Device and 6 Months Manufacturer Warranty for Inbox Accessories
41,"IQOO Z10 5G (Glacier Silver / Silver, 256 GB)",https://rukminim2.flixcart.com/image/312/312/xif0q/mobile/l/e/4/z10-5g-i2407-iqoo-original-imahk4xyfs9jfpyg.jpeg?q=70,4.4,"5,471 Ratings & 267 Reviews","₹24,999",10% off,8 GB RAM | 256 GB ROM17.2 cm (6.77 inch) Display50MP Rear Camera7300 mAh Battery1 Year
42,"vivo X200T (Seaside Lilac, 256 GB)",https://rukminim2.flixcart.com/image/312/312/xif0q/mobile/m/9/q/-original-imahjzxkrfjzvgzy.jpeg?q=70,4.7,470 Ratings & 83 Reviews,"₹59,999",25% off,12 GB RAM | 256 GB ROM16.94 cm (6.67 inch) Full HD+ AMOLED Display50MP + 50MP + 50MP | 32MP Front Camera6200 mAh BatteryDimensity 9400+ Processor1 Year Warranty on Handset and 6 Months Warranty on Accessories
43,"POCO M7 5G (Mint Green, 128 GB)",https://rukminim2.flixcart.com/image/312/312/xif0q/mobile/r/w/0/-original-imah9wydggh9mtxt.jpeg?q=70,4.1,"75,873 Ratings & 3,510 Reviews","₹10,799",16% off,6 GB RAM | 128 GB ROM | Expandable Upto 1 TB17.48 cm (6.88 inch) HD+ Display50MP Rear Camera | 8MP Front Camera5160 mAh Battery4 Gen 2 5G Processor1 Year Manufacturer Warranty for Phone and 6 Months Warranty for In the Box Accessories
44,"IQOO Z10 Lite 5G (Titanium Blue, 128 GB)",https://rukminim2.flixcart.com/image/312/312/xif0q/mobile/b/1/w/z10-lite-5g-i2409-iqoo-original-imahjc53phvprgag.jpeg?q=70,4.3,"3,431 Ratings & 137 Reviews","₹12,982",13% off,6 GB RAM | 128 GB ROM17.12 cm (6.74 inch) Display50MP Rear Camera6000 mAh Battery1 Year Warranty
45,HOTLINE H310,https://rukminim2.flixcart.com/image/312/312/xif0q/mobile/b/o/n/h310-h310-hotline-original-imahfhdp66fbddmu.jpeg?q=70,3.5,"7,537 Ratings & 492 Reviews",₹469,53% off,32 MB RAM | 32 MB ROM4.57 cm (1.8 inch) Display0.3MP Rear Camera100 mAh BatteryThe Hotline Mobiles has 3 Months Manufacture’s Warranty & after Warranty period we would like to help our customers with the best possible service under low expenses
46,"POCO C75 5G (Aqua Bliss, 64 GB)",https://rukminim2.flixcart.com/image/312/312/xif0q/mobile/o/2/g/-original-imahbr2cz5apcwze.jpeg?q=70,4.2,"1,55,390 Ratings & 6,765 Reviews","₹8,499",22% off,4 GB RAM | 64 GB ROM | Expandable Upto 1 TB17.48 cm (6.88 inch) HD+ Display50MP Rear Camera | 5MP Front Camera5160 mAh Battery4s Gen 2 5G Processor1 Year Manufacturer Warranty for Phone and 6 Months Warranty for In the Box Accessories
47,"realme P3 Lite 5G (Jade Green, 128 GB)",https://rukminim2.flixcart.com/image/312/312/xif0q/mobile/2/u/v/-original-imahjhas8jcvacxu.jpeg?q=70,4.4,"10,179 Ratings & 404 Reviews","₹11,999",7% off,4 GB RAM | 128 GB ROM | Expandable Upto 2 TB16.94 cm (6.67 inch) Display32MP Rear Camera | 8MP Front Camera6000 mAh BatteryDimensity 6300 Processor1 Year Manufacturer Warranty for Device and 6 Months Manufacturer Warranty for Inbox Accessories
48,"realme Narzo 80 Lite 4G (Obsidian Black, 64 GB)",https://rukminim2.flixcart.com/image/312/312/xif0q/mobile/0/e/a/-original-imahgkgxnr2yypmq.jpeg?q=70,4.3,"2,250 Ratings & 88 Reviews","₹8,999",,4 GB RAM | 64 GB ROM17.12 cm (6.74 inch) HD+ Display32MP Rear Camera6300 mAh Battery1 year brand Warranty
49,"MOTOROLA g05 (Plum Red, 64 GB)",https://rukminim2.flixcart.com/image/312/312/xif0q/mobile/d/j/b/-original-imah83ezvx8m7hs6.jpeg?q=70,4.2,"80,318 Ratings & 4,810 Reviews","₹7,299",27% off,4 GB RAM | 64 GB ROM | Expandable Upto 1 TB16.94 cm (6.67 inch) HD+ Display50MP Rear Camera | 8MP Front Camera5100 mAh BatteryHelio G81 Processor1 Year Warranty on Handset and 6 Months Warranty on Accessories
50,"realme P4 Power 5G (TransSilver, 128 GB)",https://rukminim2.flixcart.com/image/312/312/xif0q/mobile/r/a/c/-original-imahjzf6gw6zwskp.jpeg?q=70,4.6,"1,878 Ratings & 175 Reviews","₹25,999",21% off,8 GB RAM | 128 GB ROM17.27 cm (6.8 inch) Full HD+ AMOLED Display50MP + 8MP | Yes10001 mAh BatteryDimensity 7400 Ultra Processor1 Year Manufacturer Warranty for Device and 6 Months Manufacturer Warranty for Inbox Accessories
51,"IQOO Z10X 5G (Ultramarine, 256 GB)",https://rukminim2.flixcart.com/image/312/312/xif0q/mobile/m/k/c/-original-imahgzpkuv5hzyny.jpeg?q=70,4.4,"5,406 Ratings & 248 Reviews","₹18,563",9% off,8 GB RAM | 256 GB ROM17.02 cm (6.7 inch) Display50MP Rear Camera6500 mAh Battery1 Year on Handset and 6 Months on Accessories
52,"realme P4x 5G (Matte Silver, 128 GB)",https://rukminim2.flixcart.com/image/312/312/xif0q/mobile/z/9/n/-original-imahgdr4shzrvcfh.jpeg?q=70,4.4,"7,635 Ratings & 580 Reviews","₹15,999",11% off,6 GB RAM | 128 GB ROM17.07 cm (6.72 inch) Full HD+ Display50MP + 2MP | 8MP Front Camera7000 mAh BatteryDimensity 7400 Ultra Processor1 Year Manufacturer Warranty for Phone and 6 Months Warranty for In-Box Accessories
53,"REDMI A4 (Starry Black, 128 GB)",https://rukminim2.flixcart.com/image/312/312/xif0q/mobile/z/h/f/a4-5g-a4-5g-redmi-original-imah6yhdg9kpnzgd.jpeg?q=70,4.3,"15,138 Ratings & 626 Reviews","₹10,378",13% off,4 GB RAM | 128 GB ROM17.48 cm (6.88 inch) Display50MP Rear Camera5160 mAh Battery1 Year
54,"MOTOROLA g57 power 5G (Pantone Fluidity, 128 GB)",https://rukminim2.flixcart.com/image/312/312/xif0q/mobile/1/k/r/-original-imahhqjwsngwkksu.jpeg?q=70,4.4,"19,181 Ratings & 1,038 Reviews","₹14,999",16% off,8 GB RAM | 128 GB ROM17.07 cm (6.72 inch) Full HD+ Display50MP + 8MP | 8MP Front Camera7000 mAh Battery6s Gen 4 Processor1 Year Warranty on Handset and 6 Months Warranty on Accessories
55,Kechaoda K115,https://rukminim2.flixcart.com/image/312/312/xif0q/shopsy-mobile/t/e/p/k115-32-k115-kechaoda-32-original-imahhn5ukhhnguzj.jpeg?q=70,4.1,"43,672 Ratings & 2,718 Reviews",₹997,33% off,32 MB RAM | 32 MB ROM | Expandable Upto 32 GB3.66 cm (1.44 inch) QVGA Display0.3MP + 0MP | 0MP Front Camera850 mAh BatteryNA Processor3 Months Company Warranty
56,LAVA A1 Josh,https://rukminim2.flixcart.com/image/312/312/xif0q/mobile/k/g/p/a1-josh-lf1011-lava-original-imahhsx3ugthbzzx.jpeg?q=70,4.2,"22,860 Ratings & 2,135 Reviews",₹999,28% off,4 MB RAM | 2 MB ROM | Expandable Upto 32 GB5.08 cm (2 inch) HVGA Display0MP | 0MP Front Camera1000 mAh BatteryMtk Processor1 Year Manufacturer Replacement Guarantee for Phone and 6 months Replacement for Accessories in the Box
57,"POCO M7 Pro 5G (Lavender Frost, 128 GB)",https://rukminim2.flixcart.com/image/312/312/xif0q/mobile/h/g/z/-original-imah7jsp8bh3s4rv.jpeg?q=70,4.3,"38,049 Ratings & 2,715 Reviews","₹13,499",28% off,6 GB RAM | 128 GB ROM16.94 cm (6.67 inch) Full HD+ Display50MP + 2MP | 20MP Front Camera5110 mAh BatteryDimensity 7025 Ultra Processor1 Year Manufacturer Warranty for Phone and 6 Months Warranty for In the Box Accessories
58,"IQOO Z10 Lite 5G (Titanium Blue, 64 GB)",https://rukminim2.flixcart.com/image/312/312/xif0q/mobile/k/y/0/z10-lite-5g-i2409-iqoo-original-imahk2pqg6ys7rdt.jpeg?q=70,4.2,"2,466 Ratings & 98 Reviews","₹11,365",12% off,4 GB RAM | 64 GB ROM17.12 cm (6.74 inch) Display50MP Rear Camera6000 mAh Battery1 Year Warranty
59,LAVA A2 Smart,https://rukminim2.flixcart.com/image/312/312/xif0q/mobile/n/c/i/a2-smart-lf6004-lava-original-imahhxyfzmcywfzz.jpeg?q=70,4,642 Ratings & 39 Reviews,"₹1,204",22% off,4 MB RAM | 24 MB ROM | Expandable Upto 32 GB6.1 cm (2.4 inch) HVGA Display1.3MP + 0MP | 0MP Front Camera1200 mAh BatteryMtk Processor1 year manufacturer Replacement for device and 6 months manufacturer warranty for in-box accessories including batteries from the date of purchase
60,"vivo T4x 5G (Marine Blue, 128 GB)",https://rukminim2.flixcart.com/image/312/312/xif0q/mobile/m/n/v/-original-imahavdveeghweea.jpeg?q=70,4.5,"2,12,384 Ratings & 9,206 Reviews","₹15,499",13% off,6 GB RAM | 128 GB ROM17.07 cm (6.72 inch) Display50MP + 2MP | 8MP Front Camera6500 mAh BatteryDimensity 7300 5G Processor1 Year Warranty for Device and 6 Months Warranty for Accessories
61,"IQOO Z10X 5G (Ultramarine, 128 GB)",https://rukminim2.flixcart.com/image/312/312/xif0q/mobile/m/k/c/-original-imahgzpkuv5hzyny.jpeg?q=70,4.4,"5,406 Ratings & 248 Reviews","₹16,479",13% off,8 GB RAM | 128 GB ROM17.02 cm (6.7 inch) Display50MP Rear Camera6500 mAh Battery1 Year on Handset and 6 Months on Accessories
62,"Tecno Spark Go 1 (Magic Skin Green, 64 GB)",https://rukminim2.flixcart.com/image/312/312/xif0q/mobile/x/b/g/-original-imah43f27gxaqhhy.jpeg?q=70,4.3,"6,689 Ratings & 317 Reviews","₹7,299",18% off,4 GB RAM | 64 GB ROM | Expandable Upto 1 TB16.94 cm (6.67 inch) Display13MP Rear Camera | 8MP Front Camera5000 mAh BatteryUnisoc T61 Processor1 Year Manufacturer Warranty for Phone
63,"POCO C71 (Desert Gold, 64 GB)",https://rukminim2.flixcart.com/image/312/312/xif0q/mobile/b/s/b/-original-imahkcwjvhzeehgy.jpeg?q=70,3.9,"58,535 Ratings & 2,581 Reviews","₹7,799",13% off,"4 GB RAM | 64 GB ROM | Expandable Upto 2 TB17.48 cm (6.88 inch) HD+ Display32MP Rear Camera | 8MP Front Camera5200 mAh BatteryUnisoc T7250
Max clock speed: 
2 x A75@1.8GHz
6 x A55@1.6GHz Processor1 Year Manufacturer Warranty for Phone and 6 Months Warranty for In the Box Accessories"
64,"POCO C75 5G (Aqua Bliss, 128 GB)",https://rukminim2.flixcart.com/image/312/312/xif0q/mobile/o/2/g/-original-imahbr2cz5apcwze.jpeg?q=70,4.2,"1,55,390 Ratings & 6,765 Reviews","₹9,499",17% off,4 GB RAM | 128 GB ROM | Expandable Upto 1 TB17.48 cm (6.88 inch) HD+ Display50MP Rear Camera | 5MP Front Camera5160 mAh Battery4s Gen 2 5G Processor1 Year Manufacturer Warranty for Phone and 6 Months Warranty for In the Box Accessories
65,Jmax Super 1,https://rukminim2.flixcart.com/image/312/312/ku2zjww0/mobile/k/a/c/super-1-super-1-jmax-original-imag7adzrppyusmh.jpeg?q=70,3.8,"2,430 Ratings & 165 Reviews",₹580,58% off,32 MB RAM | 32 MB ROM4.57 cm (1.8 inch) Display0.3MP Rear Camera1100 mAh Battery1 Year Domestic Warranty 7698174900
66,"vivo T4R 5G (Twilight Blue, 128 GB)",https://rukminim2.flixcart.com/image/312/312/xif0q/mobile/2/3/i/-original-imahfkvffkd4qhma.jpeg?q=70,4.5,"58,259 Ratings & 2,599 Reviews","₹20,999",10% off,8 GB RAM | 128 GB ROM17.2 cm (6.77 inch) Display50MP (OIS) + 2MP | 32MP Front Camera5700 mAh BatteryDimensity 7400 5G Processor1 Year Manufacturer Warranty for Device and 6 Months Manufacturer Warranty for Inbox Accessories
67,LAVA A2 Smart,https://rukminim2.flixcart.com/image/312/312/xif0q/mobile/v/f/o/a2-smart-lf6004-lava-original-imahhsxyqjyhmqvc.jpeg?q=70,4,642 Ratings & 39 Reviews,"₹1,198",22% off,4 MB RAM | 24 MB ROM | Expandable Upto 32 GB6.1 cm (2.4 inch) HVGA Display1.3MP + 0MP | 0MP Front Camera1200 mAh BatteryMtk Processor1 year manufacturer Replacement for device and 6 months manufacturer warranty for in-box accessories including batteries from the date of purchase
68,HOTLINE H310,https://rukminim2.flixcart.com/image/312/312/xif0q/mobile/p/w/v/h310-h310-hotline-original-imah8z2rsx3uzfjr.jpeg?q=70,3.5,"7,537 Ratings & 492 Reviews",₹499,50% off,32 MB RAM | 32 MB ROM4.57 cm (1.8 inch) Display0.3MP Rear Camera1000 mAh Battery3 Months Manufacturer Warranty
69,Kechaoda K115,https://rukminim2.flixcart.com/image/312/312/xif0q/shopsy-mobile/u/x/b/k115-32-k115-kechaoda-32-original-imahhn5uptda4yru.jpeg?q=70,4.1,"43,672 Ratings & 2,718 Reviews",₹999,33% off,32 MB RAM | 32 MB ROM3.66 cm (1.44 inch) QVGA Display0.3MP Rear Camera850 mAh Battery3 Months Company Warranty
70,LAVA A7 Torch+,https://rukminim2.flixcart.com/image/312/312/xif0q/mobile/a/i/0/a7-torch-dual-sim-keypad-phone-2574-mah-battery-expandable-upto-original-imahh3hmytkghhyd.jpeg?q=70,4,"1,667 Ratings & 121 Reviews","₹1,498",21% off,4 MB RAM | 32 MB ROM | Expandable Upto 32 GB6.1 cm (2.4 inch) Quarter QVGA Display0.3MP + 0MP | 0MP Front Camera2575 mAh BatteryMtk Processor1 Year Handset Domestic warranty
71,"Ai+ Pulse (Pink, 64 GB)",https://rukminim2.flixcart.com/image/312/312/xif0q/mobile/8/y/5/-original-imahgzhpxcp8527s.jpeg?q=70,4.3,"45,086 Ratings & 2,680 Reviews","₹7,499",6% off,4 GB RAM | 64 GB ROM | Expandable Upto 1 TB17.13 cm (6.745 inch) HD+ Display50MP Rear Camera | 5MP Front Camera5000 mAh BatteryT615 Processor1 Year Warranty on Handset and 6 Months Warranty on the Inbox Accessories
72,Kechaoda A26,https://rukminim2.flixcart.com/image/312/312/xif0q/mobile/4/k/g/a26-a26-amozkart-original-imahggfjbkvfgzbz.jpeg?q=70,4,"30,354 Ratings & 1,648 Reviews",₹889,40% off,32 MB RAM | 32 MB ROM | Expandable Upto 16 GB1.68 cm (0.66 inch) QVGA Display0MP | 0MP Front Camera800 mAh BatteryNA Processor3 Months Company Warranty
73,Kechaoda A27,https://rukminim2.flixcart.com/image/312/312/xif0q/shopsy-mobile/o/m/2/a27-32-a27-kechaoda-32-original-imahhn5uqh2a57gq.jpeg?q=70,4,"16,324 Ratings & 872 Reviews",₹899,40% off,32 MB RAM | 32 MB ROM | Expandable Upto 16 GB1.68 cm (0.66 inch) QVGA Display0MP | 0MP Front Camera800 mAh BatteryNA Processor3 Months Company Warranty
74,"Samsung Galaxy F06 5G (Lit Violet, 64 GB)",https://rukminim2.flixcart.com/image/312/312/xif0q/mobile/i/q/r/-original-imahfvrmzd46wgw5.jpeg?q=70,4.2,"40,971 Ratings & 2,433 Reviews","₹8,499",32% off,4 GB RAM | 64 GB ROM | Expandable Upto 1500 GB17.02 cm (6.7 inch) HD+ Display50MP + 2MP | 8MP Front Camera5000 mAh BatteryDimensity 6300 Processor1 Year Manufacturer Warranty for Device and 6 Months for In-Box Accessories
75,"IQOO Z10X 5G (Titanium, 256 GB)",https://rukminim2.flixcart.com/image/312/312/xif0q/mobile/b/b/u/-original-imahgzpkwbjdkhm3.jpeg?q=70,4.4,"5,406 Ratings & 248 Reviews","₹19,499",4% off,8 GB RAM | 256 GB ROM17.02 cm (6.7 inch) Display50MP Rear Camera6500 mAh Battery1 Year Warranty on Handset and 6 Months Warranty on Accessories
76,"realme P4 Power 5G (TransSilver, 128 GB)",https://rukminim2.flixcart.com/image/312/312/xif0q/mobile/r/a/c/-original-imahjzf6gw6zwskp.jpeg?q=70,4.6,"1,878 Ratings & 175 Reviews","₹25,999",21% off,8 GB RAM | 128 GB ROM17.27 cm (6.8 inch) Full HD+ AMOLED Display50MP + 8MP | Yes10001 mAh BatteryDimensity 7400 Ultra Processor1 Year Manufacturer Warranty for Device and 6 Months Manufacturer Warranty for Inbox Accessories
77,"Samsung Galaxy F06 5G (Bahama Blue, 64 GB)",https://rukminim2.flixcart.com/image/312/312/xif0q/mobile/v/o/d/-original-imahfvrmfkwybeyc.jpeg?q=70,4.2,"40,971 Ratings & 2,433 Reviews","₹8,499",32% off,4 GB RAM | 64 GB ROM | Expandable Upto 1500 GB17.02 cm (6.7 inch) HD+ Display50MP + 2MP | 8MP Front Camera5000 mAh BatteryDimensity 6300 Processor1 Year Manufacturer Warranty for Device and 6 Months for In-Box Accessories
78,"Ai+ Nova 5G (Black, 128 GB)",https://rukminim2.flixcart.com/image/312/312/xif0q/mobile/8/x/i/-original-imahgzhp2fteyggf.jpeg?q=70,4.2,"26,027 Ratings & 1,627 Reviews","₹8,999",18% off,6 GB RAM | 128 GB ROM | Expandable Upto 1 TB17.13 cm (6.745 inch) HD+ Display50MP Rear Camera | 5MP Front Camera5000 mAh BatteryT8200 Processor1 Year Warranty on Handset and 6 Months Warranty on the Inbox Accessories
79,Kechaoda K112,https://rukminim2.flixcart.com/image/312/312/kqqykcw0/mobile/x/y/a/k112-k112-kechaoda-original-imag4zynzw7efpk6.jpeg?q=70,4,"32,004 Ratings & 2,829 Reviews","₹1,625",18% off,32 MB RAM | 64 MB ROM | Expandable Upto 32 GB6.1 cm (2.4 inch) QVGA Display0.3MP + 0MP | 0MP Front Camera3600 mAh BatteryNo Processorno warranty
80,"Nokia 106 Single Sim Keypad Phone with Built-in UPI App, MP3 Player",https://rukminim2.flixcart.com/image/312/312/xif0q/mobile/y/y/y/106-ta-1578-ss-nokia-original-imah3kfbhferbgah.jpeg?q=70,3.8,"7,822 Ratings & 419 Reviews","₹1,149",32% off,32 MB RAM | 32 MB ROM17.02 cm (6.7 inch) Display1000 mAh BatterySC6531E Processor1YR BRAND WARRANTY ON HANDSET & 6 MONTHS WARRANTY ON ACCESSORIES
81,"POCO C71 (Power Black, 128 GB)",https://rukminim2.flixcart.com/image/312/312/xif0q/mobile/7/z/w/-original-imahawgahmkbjxyj.jpeg?q=70,4.1,"34,226 Ratings & 1,593 Reviews","₹8,799",12% off,"6 GB RAM | 128 GB ROM | Expandable Upto 2 TB17.48 cm (6.88 inch) HD+ Display32MP Rear Camera | 8MP Front Camera5200 mAh BatteryUnisoc T7250
Max clock speed: 
2 x A75@1.8GHz
6 x A55@1.6GHz Processor1 Year Manufacturer Warranty for Phone and 6 Months Warranty for In the Box Accessories"
82,"realme C61 (Marble Black, 64 GB)",https://rukminim2.flixcart.com/image/312/312/xif0q/mobile/x/v/z/-original-imah28xpzzwz4fwg.jpeg?q=70,4.3,"44,727 Ratings & 1,461 Reviews","₹7,249",19% off,4 GB RAM | 64 GB ROM | Expandable Upto 2 TB17.13 cm (6.745 inch) HD+ Display32MP Rear Camera | 5MP Front Camera5000 mAh BatteryT612 Processor1 Year Manufacturer Warranty for Device and 6 Months Manufacturer Warranty for Inbox Accessories
83,"POCO C75 5G (Silver Stardust, 64 GB)",https://rukminim2.flixcart.com/image/312/312/xif0q/mobile/i/b/b/-original-imahbr2czzcrgfx7.jpeg?q=70,4.2,"1,55,390 Ratings & 6,765 Reviews","₹8,499",22% off,4 GB RAM | 64 GB ROM | Expandable Upto 1 TB17.48 cm (6.88 inch) HD+ Display50MP Rear Camera | 5MP Front Camera5160 mAh Battery4s Gen 2 5G Processor1 Year Manufacturer Warranty for Phone and 6 Months Warranty for In the Box Accessories
84,"Samsung Galaxy F06 5G (Lit Violet, 128 GB)",https://rukminim2.flixcart.com/image/312/312/xif0q/mobile/i/q/r/-original-imahfvrmzd46wgw5.jpeg?q=70,4.2,"21,524 Ratings & 1,374 Reviews","₹10,499",32% off,6 GB RAM | 128 GB ROM | Expandable Upto 1500 GB17.02 cm (6.7 inch) HD+ Display50MP + 2MP | 8MP Front Camera5000 mAh BatteryDimensity 6300 Processor1 Year Manufacturer Warranty for Device and 6 Months for In-Box Accessories
85,"Ai+ Nova 5G (Green, 128 GB)",https://rukminim2.flixcart.com/image/312/312/xif0q/mobile/h/5/i/-original-imahgzhptxffxdsg.jpeg?q=70,3.9,"4,846 Ratings & 404 Reviews","₹9,999",23% off,8 GB RAM | 128 GB ROM | Expandable Upto 1 TB17.13 cm (6.745 inch) HD+ Display50MP Rear Camera | 5MP Front Camera5000 mAh BatteryT8200 Processor1 Year Warranty on Handset and 6 Months Warranty on the Inbox Accessories
86,"REDMI Note 14 SE 5G (Crimson Art, 128 GB)",https://rukminim2.flixcart.com/image/312/312/xif0q/mobile/z/t/l/-original-imahg2z9zy2ea2py.jpeg?q=70,4.3,"28,022 Ratings & 1,244 Reviews","₹13,999",30% off,6 GB RAM | 128 GB ROM16.94 cm (6.67 inch) Full HD+ Display50MP + 8MP + 2MP | 20MP Front Camera5110 mAh BatteryDimensity 7025 Ultra Processor1 Year Warranty on the Handset and 6 Months Warranty on the Inbox Accessories
87,"POCO M7 5G (Ocean Blue, 128 GB)",https://rukminim2.flixcart.com/image/312/312/xif0q/mobile/o/s/t/-original-imah9wydbymh7gv2.jpeg?q=70,4.1,"75,873 Ratings & 3,510 Reviews","₹10,799",16% off,6 GB RAM | 128 GB ROM | Expandable Upto 1 TB17.48 cm (6.88 inch) HD+ Display50MP Rear Camera | 8MP Front Camera5160 mAh Battery4 Gen 2 5G Processor1 Year Manufacturer Warranty for Phone and 6 Months Warranty for In the Box Accessories
88,LAVA A1 Josh BOL,https://rukminim2.flixcart.com/image/312/312/xif0q/mobile/0/2/v/-original-imahgzgn5ecqazze.jpeg?q=70,4.1,"23,629 Ratings & 1,042 Reviews",₹967,30% off,4 MB RAM | 4 MB ROM | Expandable Upto 32 GB4.5 cm (1.77 inch) Quarter QVGA Display1000 mAh Battery1 Year Manufacturer Replacement Guarantee for Phone and 6 months Replacement for Accessories in the Box
89,"IQOO Z10R 5G (Aquamarine, 128 GB)",https://rukminim2.flixcart.com/image/312/312/xif0q/mobile/t/s/b/-original-imahgkgxzdx6kzvv.jpeg?q=70,4.4,"3,956 Ratings & 228 Reviews","₹20,690",11% off,8 GB RAM | 128 GB ROM17.2 cm (6.77 inch) Display50MP Rear Camera5700 mAh Battery1 Year Warranty
90,"vivo T4x 5G (Pronto Purple, 128 GB)",https://rukminim2.flixcart.com/image/312/312/xif0q/mobile/j/t/v/-original-imahavdv28z4nrkn.jpeg?q=70,4.5,"2,12,384 Ratings & 9,206 Reviews","₹15,499",13% off,6 GB RAM | 128 GB ROM17.07 cm (6.72 inch) Display50MP + 2MP | 8MP Front Camera6500 mAh BatteryDimensity 7300 5G Processor1 Year Warranty for Device and 6 Months Warranty for Accessories
91,"Samsung Galaxy F06 5G (Bahama Blue, 128 GB)",https://rukminim2.flixcart.com/image/312/312/xif0q/mobile/v/o/d/-original-imahfvrmfkwybeyc.jpeg?q=70,4.2,"21,524 Ratings & 1,374 Reviews","₹10,499",32% off,6 GB RAM | 128 GB ROM | Expandable Upto 1500 GB17.02 cm (6.7 inch) HD+ Display50MP + 2MP | 8MP Front Camera5000 mAh BatteryDimensity 6300 Processor1 Year Manufacturer Warranty for Device and 6 Months for In-Box Accessories
92,"REDMI A4 (Sparkle Purple, 64 GB)",https://rukminim2.flixcart.com/image/312/312/xif0q/mobile/z/u/a/a4-24116rnc1i-redmi-original-imahghhcmx9gnb3f.jpeg?q=70,4.3,"15,138 Ratings & 626 Reviews","₹9,949",9% off,4 GB RAM | 64 GB ROM17.48 cm (6.88 inch) Display50MP Rear Camera5160 mAh Battery1 Year
93,Micromax X778,https://rukminim2.flixcart.com/image/312/312/xif0q/mobile/a/s/i/x778-x778-micromax-original-imahdwq7qkcdueww.jpeg?q=70,3.8,"4,989 Ratings & 392 Reviews","₹1,425",28% off,32 MB RAM | 32 MB ROM6.1 cm (2.4 inch) Display0.3MP Rear Camera2700 mAh BatteryOne Year manufacturer Warranty
94,"POCO M7 5G (Satin Black, 128 GB)",https://rukminim2.flixcart.com/image/312/312/xif0q/mobile/b/i/3/-original-imah9wydpxgkjtgw.jpeg?q=70,4.3,"17,030 Ratings & 805 Reviews","₹11,799",15% off,8 GB RAM | 128 GB ROM | Expandable Upto 1 TB17.48 cm (6.88 inch) HD+ Display50MP Rear Camera | 8MP Front Camera5160 mAh Battery4 Gen 2 5G Processor1 Year Manufacturer Warranty for Phone and 6 Months Warranty for In the Box Accessories
95,"Samsung Galaxy F36 5G (Black, 128 GB)",https://rukminim2.flixcart.com/image/312/312/xif0q/mobile/d/c/0/-original-imahgynnhrgyx5wz.jpeg?q=70,4.3,"9,678 Ratings & 588 Reviews","₹15,999",30% off,6 GB RAM | 128 GB ROM | Expandable Upto 2 TB17.02 cm (6.7 inch) Full HD+ Display50MP + 8MP + 2MP | 13MP Front Camera5000 mAh BatterySamsung Exynos 1380 Processor1 Year Manufacturer Warranty for Device and 6 Months for In-Box Accessories
96,"realme P4 Power 5G (TransSilver, 128 GB)",https://rukminim2.flixcart.com/image/312/312/xif0q/mobile/r/a/c/-original-imahjzf6gw6zwskp.jpeg?q=70,4.6,"1,878 Ratings & 175 Reviews","₹25,999",21% off,8 GB RAM | 128 GB ROM17.27 cm (6.8 inch) Full HD+ AMOLED Display50MP + 8MP | Yes10001 mAh BatteryDimensity 7400 Ultra Processor1 Year Manufacturer Warranty for Device and 6 Months Manufacturer Warranty for Inbox Accessories
97,"REDMI A4 (Starry Black, 128 GB)",https://rukminim2.flixcart.com/image/312/312/xif0q/mobile/m/j/y/a4-24116rnc1i-redmi-original-imahjt7cmgzrdrzf.jpeg?q=70,4.2,"2,320 Ratings & 80 Reviews","₹11,395",12% off,6 GB RAM | 128 GB ROM17.48 cm (6.88 inch) Display50MP + 50MP | 5MP Dual Front Camera5160 mAh BatterySnapdragon 4s Gen 2 5G Processor Processor1 year manufacturer warranty for device and 6 months manufacturer warranty for in-box accessories including batteries from the date of purchase
98,Kechaoda K115,https://rukminim2.flixcart.com/image/312/312/xif0q/shopsy-mobile/c/g/w/k115-32-k115-kechaoda-32-original-imahhn5udpyhuu8f.jpeg?q=70,4.1,"43,672 Ratings & 2,718 Reviews",₹999,33% off,32 MB RAM | 32 GB ROM | Expandable Upto 32 MB3.66 cm (1.44 inch) NA Display0.3MP + 0MP | 0MP Front Camera850 mAh BatteryNA Processor3 Months Company Warranty
99,"POCO M7 Pro 5G (Lunar Dust, 128 GB)",https://rukminim2.flixcart.com/image/312/312/xif0q/mobile/v/m/x/-original-imah7jspd8dcxfut.jpeg?q=70,4.3,"38,049 Ratings & 2,715 Reviews","₹13,499",28% off,6 GB RAM | 128 GB ROM16.94 cm (6.67 inch) Full HD+ Display50MP + 2MP | 20MP Front Camera5110 mAh BatteryDimensity 7025 Ultra Processor1 Year Manufacturer Warranty for Phone and 6 Months Warranty for In the Box Accessories
100,"MOTOROLA G96 5G (Pantone Dresden Blue, 256 GB)",https://rukminim2.flixcart.com/image/312/312/xif0q/mobile/2/o/9/-original-imahgqnzt97efyph.jpeg?q=70,4.4,"89,249 Ratings & 4,508 Reviews","₹19,999",13% off,8 GB RAM | 256 GB ROM16.94 cm (6.67 inch) Full HD+ Display50MP + 8MP | 32MP Front Camera5500 mAh Battery7s Gen 2 Processor1 Year Warranty on Handset and 6 Months Warranty on Accessories
101,"Nokia 105 Classic Single Sim Keypad Phone, Without Charger",https://rukminim2.flixcart.com/image/312/312/l0r1j0w0/mobile/k/b/o/-original-imagch26hyzhgn9v.jpeg?q=70,3.9,"8,647 Ratings & 342 Reviews",₹994,20% off,32 MB RAM | 32 MB ROM4.5 cm (1.77 inch) Display0MP Front Camera800 mAh BatterySC6531E Processor1 Year Manufacturer Warranty for Device and 6 Months Manufacturer Warranty for Inbox Accessories Including Battery from the Date of Purchase
102,"vivo T4 Lite 5G Charger in the Box (Titanium Gold, 64 GB)",https://rukminim2.flixcart.com/image/312/312/xif0q/mobile/6/9/t/-original-imahfkvfhpfaftmb.jpeg?q=70,4.4,"45,859 Ratings & 1,322 Reviews","₹10,999",15% off,4 GB RAM | 64 GB ROM | Expandable Upto 2 TB17.12 cm (6.74 inch) HD+ Display50MP + 2MP | 5MP Front Camera6000 mAh BatteryDimensity 6300 5G Processor1 Year Manufacturer Warranty for Device and 6 Months Manufacturer Warranty for Inbox Accessories
103,"REDMI Note 14 SE 5G (Titan Black, 128 GB)",https://rukminim2.flixcart.com/image/312/312/xif0q/mobile/l/m/t/-original-imahg2z9zggggbgq.jpeg?q=70,4.3,"28,022 Ratings & 1,244 Reviews","₹13,999",30% off,6 GB RAM | 128 GB ROM16.94 cm (6.67 inch) Full HD+ Display50MP + 8MP + 2MP | 20MP Front Camera5110 mAh BatteryDimensity 7025 Ultra Processor1 Year Warranty on the Handset and 6 Months Warranty on the Inbox Accessories
104,"Nothing Phone (3a) Pro (Grey, 256 GB)",https://rukminim2.flixcart.com/image/312/312/xif0q/mobile/3/n/p/-original-imahcfcfwzp8sydh.jpeg?q=70,4.5,"13,884 Ratings & 1,039 Reviews","₹31,999",8% off,8 GB RAM | 256 GB ROM43.66 cm (17.19 cm) Full HD+ Display50MP (Main) + 50MP (3X Periscope)+ 8MP (Ultra-Wide) | 50MP Front Camera5000 mAh Battery7s Gen3 Processor1 Year Manufacturing Warranty
105,"REDMI 15 5G (Frosted White, 256 GB)",https://rukminim2.flixcart.com/image/312/312/xif0q/mobile/y/g/b/-original-imahghznbnv6yyxg.jpeg?q=70,4.3,"3,195 Ratings & 158 Reviews","₹17,593",12% off,8 GB RAM | 256 GB ROM17.53 cm (6.9 inch) Display50MP Rear Camera7000 mAh Battery1 year manufacturer warranty for device and 6 months manufacturer warranty for in-box accessories including batteries from the date of purchase
106,"REDMI 14C 5G (Starlight Blue, 128 GB)",https://rukminim2.flixcart.com/image/312/312/xif0q/mobile/m/7/z/-original-imahdxq5zsrwekqg.jpeg?q=70,4.3,"10,224 Ratings & 495 Reviews","₹11,999",20% off,6 GB RAM | 128 GB ROM | Expandable Upto 1 TB17.48 cm (6.88 inch) HD+ Display50MP Rear Camera | 8MP Front Camera5160 mAh Battery4 Gen 2 5G Processor1 Year Manufacturer Warranty for Phone and 6 Months Warranty for In the Box Accessories
107,"Samsung Galaxy S24 5G Snapdragon (Onyx Black, 128 GB)",https://rukminim2.flixcart.com/image/312/312/xif0q/mobile/r/8/1/-original-imahfz2tenzpsd3p.jpeg?q=70,4.6,"55,437 Ratings & 3,171 Reviews","₹42,999",42% off,8 GB RAM | 128 GB ROM15.75 cm (6.2 inch) Full HD+ Display50MP + 12MP | 12MP Front Camera4000 mAh Battery8 Gen 3 Processor1 Year Manufacturer Warranty for Device and 6 Months for In-Box Accessories
108,"realme P3x 5G (Lunar Silver, 128 GB)",https://rukminim2.flixcart.com/image/312/312/xif0q/mobile/h/c/4/-original-imah9gtmjhh9eb8k.jpeg?q=70,4.4,"74,331 Ratings & 2,855 Reviews","₹12,999",23% off,6 GB RAM | 128 GB ROM17.07 cm (6.72 inch) Full HD Display50MP Rear Camera | 8MP Front Camera6000 mAh BatteryDimensity 6400 Processor1 Year Manufacturer Warranty for Device and 6 Months Manufacturer Warranty for Inbox Accessories
109,"realme P4x 5G (Lake Green, 256 GB)",https://rukminim2.flixcart.com/image/312/312/xif0q/mobile/k/q/a/-original-imahgdr4nr8vzghm.jpeg?q=70,4.4,"2,570 Ratings & 207 Reviews","₹18,999",9% off,8 GB RAM | 256 GB ROM17.07 cm (6.72 inch) Full HD+ Display50MP + 2MP | 8MP Front Camera7000 mAh BatteryDimensity 7400 Ultra Processor1 Year Manufacturer Warranty for Phone and 6 Months Warranty for In-Box Accessories
110,"Ai+ Pulse (Blue, 128 GB)",https://rukminim2.flixcart.com/image/312/312/xif0q/mobile/m/b/l/-original-imahdsbngzyp8kv7.jpeg?q=70,4.1,"7,317 Ratings & 421 Reviews","₹8,299",17% off,6 GB RAM | 128 GB ROM | Expandable Upto 1 TB17.13 cm (6.745 inch) HD+ Display50MP Rear Camera | 5MP Front Camera5000 mAh BatteryT615 Processor1 Year Warranty on Handset and 6 Months Warranty on the Inbox Accessories
111,"Ai+ Pulse (Sparkle Red, 128 GB)",https://rukminim2.flixcart.com/image/312/312/xif0q/mobile/m/w/t/-original-imahhc4czn6fswwz.jpeg?q=70,4.1,"7,317 Ratings & 421 Reviews","₹8,299",17% off,6 GB RAM | 128 GB ROM | Expandable Upto 1 TB17.13 cm (6.745 inch) HD+ Display50MP Rear Camera | 5MP Front Camera5000 mAh BatteryT615 Processor1 Year Warranty on Handset and 6 Months Warranty on the Inbox Accessories
112,Jmax Super 2,https://rukminim2.flixcart.com/image/312/312/xif0q/mobile/y/l/3/super-2-super-2-jmax-original-imah8fstyhnhqxyq.jpeg?q=70,3.9,"2,068 Ratings & 162 Reviews",₹560,43% off,32 MB RAM | 32 MB ROM4.57 cm (1.8 inch) Display0.3MP Rear Camera1100 mAh Battery1 Year Domestic Warranty 7698174900
113,"realme Narzo 80 Lite 5G (Onyx Black, 128 GB)",https://rukminim2.flixcart.com/image/312/312/xif0q/mobile/m/l/w/-original-imahgkgxmmzhxgzd.jpeg?q=70,4.3,858 Ratings & 42 Reviews,"₹11,326",19% off,4 GB RAM | 128 GB ROM16.94 cm (6.67 inch) Display32MP Rear Camera6000 mAh Battery1 Year Warranty
114,"realme P3x 5G (Stellar Pink, 128 GB)",https://rukminim2.flixcart.com/image/312/312/xif0q/mobile/5/v/y/-original-imah9gtmsuutundb.jpeg?q=70,4.4,"74,331 Ratings & 2,855 Reviews","₹12,999",23% off,6 GB RAM | 128 GB ROM17.07 cm (6.72 inch) Full HD Display50MP Rear Camera | 8MP Front Camera6000 mAh BatteryDimensity 6400 Processor1 Year Manufacturer Warranty for Device and 6 Months Manufacturer Warranty for Inbox Accessories
115,"POCO M6 Plus 5G (Graphite Black, 128 GB)",https://rukminim2.flixcart.com/image/312/312/xif0q/mobile/i/w/k/-original-imah3afnzmgfjnrf.jpeg?q=70,4.2,"19,126 Ratings & 1,103 Reviews","₹12,575",30% off,8 GB RAM | 128 GB ROM | Expandable Upto 1 TB17.25 cm (6.79 inch) Full HD+ Display108MP + 2MP | 13MP Front Camera5030 mAh BatterySnapdragon 4 Gen2 AE Processor1 Year Manufacturer Warranty for Phone and 6 Months Warranty for In the Box Accessories
116,"Tecno Spark Go 2 (Turquoise Green, 64 GB)",https://rukminim2.flixcart.com/image/312/312/xif0q/mobile/n/z/c/-original-imahdem8dchwequp.jpeg?q=70,4.3,"2,598 Ratings & 155 Reviews","₹7,499",16% off,4 GB RAM | 64 GB ROM | Expandable Upto 1 TB16.94 cm (6.67 inch) Display13MP Rear Camera5000 mAh Lithium Polymer BatteryT7250 Processor1 Year Manufacturer Warranty for Phone
117,"CMF by Nothing Phone 2 Pro (Black, 256 GB)",https://rukminim2.flixcart.com/image/312/312/xif0q/mobile/w/y/d/-original-imahc7ezmtmajyye.jpeg?q=70,4.4,"75,271 Ratings & 5,176 Reviews","₹19,999",20% off,8 GB RAM | 256 GB ROM | Expandable Upto 2 TB17.2 cm (6.77 inch) Display50MP + 50MP + 8MP | 16MP Front Camera5000 mAh BatteryDimensity 7300 Pro 5G Processor1 Year Manufacturing Warranty
118,"POCO M7 5G (Satin Black, 128 GB)",https://rukminim2.flixcart.com/image/312/312/xif0q/mobile/b/i/3/-original-imah9wydpxgkjtgw.jpeg?q=70,4.1,"75,873 Ratings & 3,510 Reviews","₹10,799",16% off,6 GB RAM | 128 GB ROM | Expandable Upto 1 TB17.48 cm (6.88 inch) HD+ Display50MP Rear Camera | 8MP Front Camera5160 mAh Battery4 Gen 2 5G Processor1 Year Manufacturer Warranty for Phone and 6 Months Warranty for In the Box Accessories
119,"MOTOROLA g35 5G (Leaf Green, 128 GB)",https://rukminim2.flixcart.com/image/312/312/xif0q/mobile/o/v/c/g35-5g-pb3h0001in-motorola-original-imah7c6xqfsptyzx.jpeg?q=70,4.2,"1,26,084 Ratings & 7,647 Reviews","₹11,999",4% off,4 GB RAM | 128 GB ROM | Expandable Upto 1 TB17.07 cm (6.72 inch) Full HD+ Display50MP + 8MP | 16MP Front Camera5000 mAh BatteryT760 Processor12 5G Bands with VoNR|4K Video Recording|Vision Booster Technology1 Year on Handset and 6 Months on Accessories
